id,file_name,satellite,file_size,date_time,latitude,longitude
1,16ecdcaba57090fd247cf8bf09456a35.jpg,NAS-778,9806,"2021-10-17 23:25:59",-7.4179100,-56.5379390
2,315b89e7fe67dd943a93fd0bdf6488e9.jpg,AMZ-901,17777,"2021-10-17 23:20:16",-0.3267320,-61.6269150
3,641eb3cee3c2b8a50c8474867f41991d.jpg,BRA-104,683,"2021-10-17 08:48:44",-7.8474910,-57.6519670
4,6146c0595377ad1ccb085fac388cfc09.jpg,BRA-104,3642,"2021-10-17 16:03:03",-3.5364990,-63.8307170
5,85657877fb07a14c0a741f11d2f8aad8.jpg,NAS-778,8472,"2021-10-17 13:08:32",-1.4381710,-66.6188780
6,22711fdd4642d4fef43c774c15ed9890.jpg,BRA-104,16177,"2021-10-17 05:25:06",-8.8695050,-66.7628070
7,1cdc1c46f96ba2bdc9312673bf3a2eb6.jpg,BRA-104,13176,"2021-10-17 06:18:30",-6.2162950,-64.8395180
8,92512555fbf1c140d90628a96a814663.jpg,AMZ-903,19040,"2021-10-17 15:22:47",-3.0676900,-62.0990340
9,b88193d412cb004be6da569abcfe0fac.jpg,AMZ-901,8971,"2021-10-17 06:33:45",-3.6410470,-61.5794900
10,ded3a9c6ec278bfe2fc1fad0da57ed6a.jpg,AMZ-901,7520,"2021-10-17 23:46:24",-3.3859300,-58.1440800
11,1c45a8a03d6229ba057bec571b2a0bc0.jpg,AMZ-901,13993,"2021-10-17 08:06:37",-6.7627940,-58.4709770
12,bba3d5b99586ce631f9de1c1966b3a7d.jpg,AMZ-901,7999,"2021-10-17 07:08:14",-2.5773020,-59.9603120
13,146302299dd867215f62e19d70b05587.jpg,NAS-778,5919,"2021-10-17 03:50:34",-4.8246410,-58.2865360
14,f54acb574e9717019019e3dccccbfad7.jpg,AMZ-901,2256,"2021-10-17 18:25:08",-2.5800480,-56.7739620
15,76601b28f47983c9470ac4458c755d23.jpg,NAS-772,7923,"2021-10-17 23:00:18",-7.2074880,-56.4162890
16,eccf72c47e1bff3bb439f33311d4d546.jpg,AMZ-903,7661,"2021-10-17 17:33:27",-7.2006350,-57.0366490
17,674add97e931cbc85b570288fcea48ff.jpg,BRA-102,18317,"2021-10-17 11:07:24",-3.7996730,-61.2192870
18,0bbd419756895ea1290ebd5aa970d1ee.jpg,NAS-772,10696,"2021-10-17 23:10:06",-4.0413330,-56.9644370
19,ca671afe24405fa47391c4faf0f3d503.jpg,BRA-104,16612,"2021-10-17 21:40:53",-0.8613660,-61.6877080
20,397cae7d78ebbe6c0240f096ab500ec7.jpg,NAS-772,6792,"2021-10-17 20:39:15",-0.7616840,-65.3158470
21,7e20ca7a0de81db377fccdfa7ee2ad15.jpg,BRA-104,9755,"2021-10-17 11:40:08",-5.3024760,-59.4096390
22,bfcca6e1227cf703e5c76196008d2f5b.jpg,NAS-778,4800,"2021-10-17 12:35:41",-3.1138050,-64.2351560
23,a6e198bd90e9cba85ceb625b1282ebb5.jpg,AMZ-901,18451,"2021-10-17 11:10:48",-6.4318000,-65.8360200
24,e6828cd06d84ebfd57788ea3b11dd403.jpg,AMZ-901,12934,"2021-10-17 12:43:53",-0.3878880,-66.8281970
25,b56ec2a146a20fadd2d91c12f3ca49fa.jpg,BRA-102,6728,"2021-10-17 02:17:12",-4.6957700,-64.7239490
26,4a8b21de3c1ac30c9277ae0260e8a66b.jpg,BRA-104,19564,"2021-10-17 22:54:11",-4.2086620,-64.3539990
27,6747f3306ff847e1e9161255d288e737.jpg,BRA-102,14362,"2021-10-17 10:41:45",-8.9192100,-65.8368620
28,2d8258574c65a969e9efdbf25630448c.jpg,NAS-772,2639,"2021-10-17 21:21:12",-7.1049820,-67.5007490
29,ad085e14c69c3963c5cfcc2b09424c36.jpg,BRA-104,1130,"2021-10-17 02:41:11",-4.6807690,-66.8369120
30,037c3c5d027045133cc2308f57c7d61d.jpg,AMZ-903,8497,"2021-10-17 09:39:05",-7.2831800,-59.6206780
31,59c870cb24630407d63a31d2a2d86cb3.jpg,AMZ-903,12868,"2021-10-17 02:46:28",-3.3442330,-56.5649420
32,c1b9c622562c7070f512bee99230e09a.jpg,AMZ-901,9435,"2021-10-18 00:04:09",-0.5638620,-61.4917420
33,e6a67bf7b7b7b6fe04193d3258aea0b6.jpg,BRA-102,2531,"2021-10-17 07:51:50",-6.3171630,-57.8611840
34,f1f71dddf472d83e9459143a48ad20da.jpg,NAS-772,15399,"2021-10-17 02:06:14",-0.9225730,-64.9399890
35,5e7939ac0e78aacc6facaf11cfe96f5e.jpg,BRA-102,8234,"2021-10-17 01:00:21",-4.9635280,-56.3098640
36,c24e925b2976a8156b1364dc6ca5c017.jpg,BRA-104,8408,"2021-10-17 09:40:16",-7.0676880,-67.3560120
37,ddcc95949bc6d06d5daae828973d9f40.jpg,NAS-778,983,"2021-10-17 02:43:41",-7.4021310,-64.8084080
38,f4689b55390249363c85874ea40214b8.jpg,NAS-778,8536,"2021-10-17 04:02:26",-2.5386150,-63.9019170
39,d9735dfa023edb36833c19ab5ffeafb0.jpg,AMZ-901,7265,"2021-10-17 15:08:11",-8.6727140,-64.7596390
40,db6e6fd9ab2daeb297f673682c0d7175.jpg,BRA-104,18861,"2021-10-17 08:29:28",-1.0365050,-63.3773580
41,b841e62ca4821b4f9f1177b6743be6ef.jpg,NAS-772,11285,"2021-10-17 13:01:31",-3.5052340,-68.3322540
42,9a64eac8f0d1466e11fec549f680f53b.jpg,AMZ-903,9535,"2021-10-17 21:46:41",-6.7682690,-56.9604530
43,48579ec8534d11322f6ba697f190cdf2.jpg,NAS-772,7260,"2021-10-17 08:50:23",-2.9494660,-65.1405930
44,eab5fc5820304819ad39c3cfb4a0a692.jpg,AMZ-901,12985,"2021-10-17 01:46:00",-3.3932890,-66.6194420
45,6df323c236cc546eaaca46fea2d6a3f1.jpg,AMZ-903,16351,"2021-10-17 10:19:53",-7.9444100,-65.0543130
46,81edfd939d5ae52837066fbcb38e9ecf.jpg,NAS-778,15581,"2021-10-17 15:41:18",-3.6740810,-58.1885930
47,9d4065b8bd6f480dd2e257b4bd032a1b.jpg,AMZ-901,12467,"2021-10-17 00:49:39",-6.3010790,-63.4135420
48,1588a12dfefa16554bcff52466973ea5.jpg,NAS-778,14941,"2021-10-17 21:15:52",-4.2561090,-59.1836290
49,554a2615252b688384befc5810f0131d.jpg,AMZ-901,6287,"2021-10-17 01:42:06",-7.3475620,-67.1880200
50,c080b134dcead9c49cd5057e56594940.jpg,NAS-778,6372,"2021-10-17 06:00:50",-8.4079800,-56.5910390
51,e56391d0f26de14b51cf394e3d78cb23.jpg,AMZ-903,5901,"2021-10-17 15:46:54",-3.8602220,-66.7667800
52,a6ee22addc373f6dcbfc9f7dd2a77508.jpg,AMZ-903,11395,"2021-10-17 14:54:47",-4.8383280,-65.3192900
53,3bd10ff9e35f89c6a009da9f72432779.jpg,AMZ-901,8178,"2021-10-17 01:11:06",-2.7936530,-61.8456980
54,af0519597812f7fb91a76b14dfd99db5.jpg,NAS-772,9872,"2021-10-17 15:10:04",-8.8516520,-61.5850960
55,ae4294e36fbcf2e51952e93f5995af1a.jpg,AMZ-903,13592,"2021-10-17 13:53:40",-0.8099920,-56.8021320
56,850fbccb2106966fc286067b3b4cfc70.jpg,AMZ-901,11146,"2021-10-17 18:22:15",-2.6398100,-62.5048450
57,6c102b836aec78137377ea6b000d6c51.jpg,NAS-778,13926,"2021-10-17 08:21:04",-2.7292730,-63.2904890
58,3595271342ca0a0623ac511f8ecb09c0.jpg,BRA-102,19942,"2021-10-17 04:17:38",-0.7042930,-67.0359320
59,5e88483742e188f0360d2f6cc9ac75a2.jpg,NAS-778,12013,"2021-10-17 07:05:29",-4.9521380,-59.2795610
60,16e695037c1d3b242170aceddc53898a.jpg,NAS-772,9361,"2021-10-17 22:26:25",-3.7461500,-63.2473110
61,4643bf4a9b29108b084121fa1050aba9.jpg,AMZ-903,9980,"2021-10-17 07:32:29",-8.9940780,-63.2341370
62,d0854dd4de14912a5cb1c1ee2f5f1334.jpg,AMZ-901,13648,"2021-10-17 12:51:47",-7.3215220,-68.1378530
63,d7a6dcf4ead4b0bfe73bf547148962e1.jpg,AMZ-903,11534,"2021-10-17 04:58:33",-4.6480100,-68.8440520
64,7ef7233ec921afafad7d2d17bed7e70a.jpg,NAS-772,16817,"2021-10-17 21:41:41",-8.4129110,-67.9411970
65,ab224d1defb5ebbe030263d2bbd82a98.jpg,AMZ-903,16641,"2021-10-17 19:52:18",-8.6763950,-68.9028580
66,5a748bf6e292d2be00a9076b14964846.jpg,BRA-102,5516,"2021-10-17 20:28:28",-7.6369230,-68.4750780
67,c49f4c132593a6b74bb4b683ce7bdf57.jpg,BRA-102,17336,"2021-10-17 23:38:54",-3.2508190,-64.4918450
68,07facd93ade4e93a7105adcb424440fd.jpg,AMZ-901,17066,"2021-10-17 17:23:41",-0.7639110,-67.2112350
69,56b76d93b158172a25b40711868549a0.jpg,BRA-104,16099,"2021-10-17 02:02:51",-8.0654230,-62.1971280
70,2e573ebdfd6ebc13891cc0e985ee76ed.jpg,AMZ-903,4807,"2021-10-17 01:15:52",-3.1355800,-58.0855790
71,569396229475408705948f4bb8a77d93.jpg,NAS-772,10980,"2021-10-17 00:52:50",-5.5031120,-64.2067080
72,025a24cca6c772d88311ae9419c80962.jpg,AMZ-901,9386,"2021-10-17 17:46:40",-1.7615390,-59.2132340
73,f1e6ec9c0b7fe3d8ca05cc2659bda1ef.jpg,BRA-102,7335,"2021-10-17 23:42:46",-8.8123810,-67.4593000
74,e33789227f4974f718a2627e608db4b7.jpg,BRA-102,2247,"2021-10-17 10:46:02",-5.5924990,-66.6325420
75,3b54bce6dad4e39ce2b614016dad0b6c.jpg,AMZ-901,6913,"2021-10-17 08:45:12",-1.3981110,-62.0745710
76,9f1d13d10ff8d7bfc0021634060a2299.jpg,BRA-102,3987,"2021-10-17 20:54:26",-4.0632010,-59.7689310
77,9f2abe4fc767a6cb1253a8d6da76df4f.jpg,NAS-778,1360,"2021-10-17 12:02:36",-1.6151110,-59.1534880
78,dd0d8a88dceae17972f4bc1f12d49b0d.jpg,NAS-778,12415,"2021-10-17 05:06:32",-2.9732810,-63.1268350
79,4f074bad34c1687b3e24d64146d59ca7.jpg,BRA-104,4360,"2021-10-17 21:51:03",-7.5935030,-56.6408130
80,25db0c8aacd3c035f50ca0b7db66f083.jpg,BRA-102,1680,"2021-10-17 03:10:57",-6.2894180,-59.1208460
81,cdd59fb95c2426d3ad765bceb7d856c5.jpg,BRA-104,15877,"2021-10-17 04:38:43",-0.9611380,-56.3943110
82,557e583f6899903b95598333ea5775df.jpg,BRA-102,16744,"2021-10-18 00:10:43",-0.7451560,-66.9642530
83,aae5a47d3865336c136060633f8d51e2.jpg,BRA-102,4064,"2021-10-17 00:55:42",-8.9376580,-59.1596470
84,992035e0205075efd3d60c10455e1936.jpg,AMZ-901,18987,"2021-10-17 01:44:07",-4.3675680,-66.2747400
85,b35001e3f36ce3c991d4d6ae9128d406.jpg,NAS-772,16995,"2021-10-17 16:20:07",-6.1350670,-59.5282620
86,9f0eac851c83b2a1ebaaad0177a9be24.jpg,BRA-102,8466,"2021-10-17 03:42:08",-4.2897350,-56.5173530
87,92114886f88ddc374c1f220965d9439e.jpg,BRA-104,18747,"2021-10-17 01:02:39",-8.7683890,-63.0948710
88,ec415ac839e90ef7ac21b8cb759c9374.jpg,AMZ-903,7881,"2021-10-17 12:07:45",-3.4706630,-60.6446070
89,d38b178c8b7a9a077d3700646bb774f2.jpg,NAS-778,11667,"2021-10-17 15:43:02",-5.5910680,-62.6059920
90,9b249789246159dca87744c709c96ef9.jpg,AMZ-901,8056,"2021-10-17 09:51:04",-2.7695070,-62.8079920
91,6423be2564b990823eb08efcc3d8dec0.jpg,BRA-102,14638,"2021-10-17 14:20:36",-7.3970080,-63.8392570
92,aba1c562268b2aa299bce13e2fefb962.jpg,AMZ-901,10227,"2021-10-17 11:59:06",-4.2866290,-61.8297340
93,d5dacfafa3f39d4eadd82cff9d2dddf6.jpg,NAS-778,3271,"2021-10-17 17:20:55",-6.6601830,-56.6750680
94,d5382798c466a8ae530ba39769e33c3c.jpg,AMZ-901,1951,"2021-10-17 01:33:54",-8.3010620,-65.4773100
95,d4bf22eaa48162a67b577645dc4ccbae.jpg,AMZ-901,12666,"2021-10-17 05:49:45",-5.5342110,-60.5916610
96,1c4e98b83857f90c4a18ef8fbedb879f.jpg,AMZ-903,1064,"2021-10-17 20:10:31",-0.4574740,-59.8206620
97,4da258671f5a50292002019eda7bfbb7.jpg,BRA-104,3579,"2021-10-17 04:03:38",-1.9803180,-65.2170820
98,f003f47a783e4bb8f7dac6243ea5462a.jpg,BRA-104,9747,"2021-10-17 06:26:40",-6.4256970,-62.6827290
99,b5359e32d7abeb08243d58eaa204210a.jpg,NAS-778,6676,"2021-10-17 02:44:40",-4.2520700,-62.3272870
100,63e233048e2869493dfd38c0b92e7be6.jpg,BRA-104,2622,"2021-10-17 07:34:12",-6.5169560,-61.1717150
101,2a1aef8d359f3f0674f8ca066beca3fc.jpg,AMZ-903,6536,"2021-10-17 04:24:15",-4.8271110,-64.6264260
102,91db45931c393a259884569e8abc6fe2.jpg,NAS-778,1170,"2021-10-17 17:42:56",-1.8568600,-57.5852740
103,a9e5b5db08baa1c24864ba7ad9df6e7b.jpg,BRA-104,18725,"2021-10-17 02:56:34",-6.4707870,-66.6297820
104,72ff4051332d82d2ec2d129b028bf4b1.jpg,BRA-104,18747,"2021-10-17 18:36:30",-6.1447960,-58.9186580
105,2c4e1883206eab195ce91f44c5663646.jpg,NAS-772,9596,"2021-10-17 06:30:37",-2.9638800,-60.7974300
106,35c083fcb7319270229b1aedf3e2d0b2.jpg,NAS-772,15436,"2021-10-17 14:02:36",-6.9315440,-67.9333060
107,9e9069cbb2fa71cfd4034477cb27ccac.jpg,NAS-772,9737,"2021-10-17 02:51:42",-6.5633050,-57.0283730
108,5f189370ebcf697262b5afd5b4bbef27.jpg,AMZ-903,2297,"2021-10-17 04:35:25",-4.8179800,-57.4036720
109,b8699e7b9cf9608e175151d9148426a6.jpg,AMZ-901,4186,"2021-10-17 22:46:37",-1.1220940,-65.9956570
110,e4ee9a42d832def193323d5a35ef1be8.jpg,AMZ-901,10479,"2021-10-17 21:05:24",-8.3951820,-61.2468660
111,afc0937968df03b7c8b88fccd9d799da.jpg,BRA-102,10869,"2021-10-17 08:53:15",-0.9858210,-63.7046340
112,5eb8dc193d3d367392ebb79e0fb760aa.jpg,NAS-772,11966,"2021-10-17 12:46:34",-3.9844950,-57.2518110
113,fc3d53e67f5b43fa65625cc03a47e7a3.jpg,AMZ-903,7942,"2021-10-17 05:36:52",-7.1772720,-68.9907810
114,de3fe5d285e2c2f43aaffdaadf2bdb64.jpg,NAS-772,11056,"2021-10-17 12:59:50",-0.5985500,-66.3755120
115,5c665142d8f0c2edb0099bba2c0adb13.jpg,BRA-104,17931,"2021-10-17 14:33:26",-1.0081170,-57.0758830
116,c2645732c6a71e540deb64d448feb070.jpg,BRA-102,14359,"2021-10-18 00:02:09",-4.5432450,-61.9636360
117,e4f9fc9e7237ea23336f03cc55ddf4fa.jpg,AMZ-903,1241,"2021-10-17 17:03:13",-4.2098670,-63.4520180
118,f74e8887d94c6843482ce4a931755e7d.jpg,NAS-772,17467,"2021-10-17 01:22:49",-2.3573210,-61.6547270
119,b8be4233f877c5f6ab3c9ca68562a523.jpg,AMZ-901,10756,"2021-10-17 01:45:19",-8.5675000,-58.4956970
120,9110a8e692c7d8bc84fc661448ebd930.jpg,NAS-778,8453,"2021-10-17 01:32:44",-5.7452590,-62.9116520
121,9a9748926d81bfe8ae3864f42ef807f5.jpg,NAS-772,9711,"2021-10-17 20:04:52",-1.5985090,-56.7166970
122,b7428c7ed83ddf0e81b20d228f5135c3.jpg,BRA-102,15937,"2021-10-17 13:36:34",-3.1007770,-57.0695900
123,1a745b20925354eccdb21380a30e4885.jpg,BRA-104,4762,"2021-10-17 16:07:37",-7.1173820,-58.3942750
124,3ecbcf41af01a8d505653a98640ad457.jpg,NAS-772,16245,"2021-10-17 22:15:13",-6.4919700,-63.9004240
125,b888afe90b43233f77ac2fde33962674.jpg,AMZ-903,4152,"2021-10-17 09:27:13",-2.1319500,-65.5408740
126,3aaa1d8dcf8cffeb353d1fcaf9002c67.jpg,AMZ-901,17700,"2021-10-17 11:39:55",-3.0277380,-63.1565500
127,cedc2602cc547200a79ed313bdd53504.jpg,AMZ-903,15393,"2021-10-17 04:23:56",-4.4013010,-65.3805340
128,10f5b27781fd769fb88a21b463591d6b.jpg,AMZ-903,11964,"2021-10-17 08:00:14",-6.9468650,-60.6269860
129,f8ebc7d563bacf077c1dec13627f2ee4.jpg,AMZ-901,10610,"2021-10-17 15:34:19",-2.6389900,-58.3055870
130,3710ec6fceb14abd6d8be67a72ae8450.jpg,BRA-104,4623,"2021-10-17 12:00:28",-7.9794960,-64.0739670
131,1db32b53e3e60d3a8ad5ff1ead6260bd.jpg,BRA-104,4214,"2021-10-17 00:49:41",-0.5340040,-59.9292130
132,083b3dd6f0d1eea47f74098ab803845c.jpg,NAS-772,19175,"2021-10-17 08:50:52",-6.9616860,-62.2463380
133,6bdb352713bec4b756b511a96ba5b0bb.jpg,NAS-778,10387,"2021-10-17 09:55:11",-4.6779450,-60.3788430
134,d7fc3f72d0ac96a151c18f3b99f79f8e.jpg,AMZ-901,14990,"2021-10-17 03:03:18",-3.8355910,-62.0513030
135,0acabe41b05aeaf4bdd301441c3ef54b.jpg,BRA-104,13925,"2021-10-17 05:22:48",-1.0072880,-66.3495840
136,410764d7932899ddf8690b5071c53067.jpg,NAS-772,9085,"2021-10-17 05:41:38",-1.7208340,-68.6998870
137,d405814759a8b8c3dd70157d6dc32fd7.jpg,NAS-778,17819,"2021-10-17 16:40:22",-3.3882950,-66.1950370
138,fdf14c5305ca997131a6f15e6ac5389e.jpg,NAS-778,3888,"2021-10-17 23:40:10",-7.7782300,-57.5050380
139,a3a4cf06db5c2e0cf7fd3412c161e127.jpg,NAS-772,12242,"2021-10-17 20:16:29",-8.8513940,-62.1647760
140,73ea2bbb1e97c35908dc570d169c29d4.jpg,NAS-772,1799,"2021-10-17 17:28:02",-5.5129280,-60.0776420
141,e3df08a6e92ec1e2cd7f6afd5062fd65.jpg,NAS-772,1321,"2021-10-17 12:59:55",-1.7406990,-58.4267250
142,3ab8f608c647eeb6f2d6605f49a8f6cf.jpg,AMZ-901,13596,"2021-10-17 17:14:59",-0.5011160,-58.7471570
143,6798708352564142b46d35e92e8bc610.jpg,BRA-104,9412,"2021-10-17 03:17:39",-0.5446010,-59.3488310
144,901ef0b36dc558a27123bb42341dcf40.jpg,AMZ-903,13099,"2021-10-17 16:45:17",-5.9251840,-67.3646550
145,1fcb2368262e59bdbf5f061b6a5e44fc.jpg,AMZ-901,15511,"2021-10-17 07:11:29",-0.0084700,-58.1748840
146,367fe94265b999738102e7b875751a41.jpg,BRA-104,17138,"2021-10-17 21:13:17",-1.6429460,-66.4892170
147,5c8edaae52eb4813f97eb675e528c982.jpg,BRA-104,4997,"2021-10-18 00:05:46",-4.1199250,-62.1540090
148,d20f00803a142510f177fc136bf69a9a.jpg,AMZ-901,15164,"2021-10-17 15:22:47",-7.9362350,-66.0085450
149,1cf5c8436111afc28d1cb6e8878e66b1.jpg,AMZ-901,1630,"2021-10-17 19:58:25",-0.8451620,-63.8768940
150,4849a0182d0ca413a2df11bf5d48ab2b.jpg,AMZ-903,6371,"2021-10-17 02:56:20",-0.0409460,-65.1302530
151,46024fdc0cbfbc801432686ce989be1a.jpg,NAS-778,8361,"2021-10-17 18:27:16",-6.9304910,-56.0919870
152,f47e63bb20285d6c741b14634fda9716.jpg,BRA-102,12231,"2021-10-17 23:27:28",-0.5286920,-67.2149600
153,5336d4f6638534f366d1c6ec03a7c717.jpg,NAS-772,19500,"2021-10-18 00:25:01",-5.3519700,-62.7469640
154,1dd66499185c044e9ae25cb81942a057.jpg,AMZ-901,2355,"2021-10-17 18:27:23",-2.9531060,-68.2677450
155,9e601e68f6636fb6b37d11335701f5d6.jpg,AMZ-903,18364,"2021-10-17 16:16:51",-1.4798910,-59.7467070
156,fb01ec734d479c894d7ca31be62cad0b.jpg,AMZ-903,12866,"2021-10-17 16:22:30",-2.9222030,-68.8198940
157,4ca71ce44419b28014dd24e595fcbc22.jpg,AMZ-901,4133,"2021-10-17 10:47:08",-0.4821670,-56.7740010
158,b28ae9fa35e76740e8ec13a8b89e8a55.jpg,NAS-778,891,"2021-10-18 00:27:43",-2.0780120,-57.3687570
159,89cb4a9f00b74dbed51e44591af359e9.jpg,BRA-102,11077,"2021-10-17 18:11:56",-1.4133760,-65.7002640
160,92468235a94025fa5ea47f5057a7f685.jpg,BRA-104,16548,"2021-10-17 21:40:13",-7.2465410,-59.6404030
161,662a42b88f39f794ebcaf656e0f326e2.jpg,AMZ-903,12933,"2021-10-17 10:42:16",-7.2272540,-68.4117640
162,8cfba9f2c0574c119534961d81eada60.jpg,NAS-772,959,"2021-10-17 21:37:35",-4.3523360,-62.6060390
163,354c28885e3b3e1b2b9be0acd3c9e016.jpg,BRA-102,13345,"2021-10-17 12:11:58",-6.3342770,-62.0096620
164,2ebf2017326d43e96fd7565e7cecd0b2.jpg,NAS-778,4297,"2021-10-17 05:39:47",-4.7612380,-64.2218270
165,7861a6b461cdd1640c569f6fdf9ea095.jpg,NAS-778,6597,"2021-10-17 09:07:32",-2.5806560,-60.6468520
166,fc02df92ced4be351eb0984ba8d9753c.jpg,AMZ-901,5389,"2021-10-17 08:31:31",-3.1779400,-56.6292540
167,40a2b4b997b72933dee0670fefbf7781.jpg,BRA-104,6755,"2021-10-17 17:52:25",-5.7670030,-56.1505920
168,1935f7f811e5533fde787a22fe39999f.jpg,AMZ-901,17698,"2021-10-17 05:09:18",-8.8836330,-65.1003090
169,a100e37d4d6780d960f8eddeb2fdf682.jpg,AMZ-901,19467,"2021-10-17 07:57:16",-3.9867620,-65.1184050
170,cff2723b2cf7812a105ff002e955a129.jpg,BRA-104,5499,"2021-10-17 03:44:16",-7.6473060,-68.5186340
171,1289e758715de590bd4fd9ae5f08c61f.jpg,BRA-102,8503,"2021-10-17 12:36:55",-0.4590830,-59.1929890
172,3a49e986a651f177632b8aaeead9c5f6.jpg,BRA-102,3825,"2021-10-17 23:55:56",-0.9235000,-68.6732510
173,17ea12d8d030d1ad525af5895f0be18b.jpg,BRA-104,9582,"2021-10-17 00:49:06",-0.0313580,-65.0178130
174,5913eaec9f62e50d85f9f0adbff6fd00.jpg,BRA-102,3839,"2021-10-17 16:49:03",-3.1348260,-57.3863120
175,103653d1aa82a865cf97fab167631c26.jpg,BRA-102,11289,"2021-10-17 18:50:13",-1.5713300,-56.2093870
176,6b5cda17c6c011fe01e455c484b70790.jpg,NAS-772,14920,"2021-10-17 23:53:04",-8.4745960,-61.2372470
177,cb24edfdf599d6cc193ef542c5741b0d.jpg,NAS-778,17704,"2021-10-17 07:31:17",-1.1568890,-61.7247390
178,62125586a9585a8887b23e01763faf7b.jpg,AMZ-903,12817,"2021-10-17 13:31:35",-5.9435490,-62.9188190
179,cd86bab03c2db942ff434cdb638dc772.jpg,NAS-778,11257,"2021-10-17 17:51:23",-6.3255850,-61.8369130
180,7764aa198d8251147d9308f7449fd942.jpg,AMZ-901,15270,"2021-10-17 16:07:37",-0.6521090,-56.4054920
181,e8b693d0c936d453b86f16f594468a68.jpg,AMZ-901,13815,"2021-10-17 18:56:24",-6.7111390,-67.9810020
182,2fe80555509f51fcf772a3ee9494ffa5.jpg,AMZ-903,9188,"2021-10-17 08:50:50",-7.3750860,-62.7515710
183,6fa14643a38b463ba8151f7756daa1fa.jpg,BRA-104,4813,"2021-10-17 18:08:21",-8.6067950,-65.9616010
184,216191711caa6bc3fc0b96a9181ff3a5.jpg,AMZ-901,6220,"2021-10-17 18:30:37",-8.1789600,-59.9152030
185,94c4d35d0cfe6dc577cb7a9064ee80f6.jpg,AMZ-901,14774,"2021-10-17 19:09:11",-6.5238610,-56.7881800
186,2ed05d36c7a673acea5beba06efa85c8.jpg,NAS-772,2388,"2021-10-17 21:09:27",-6.3467120,-68.7408580
187,41102b20297cc9744a6d6b0b1dd22402.jpg,NAS-772,5778,"2021-10-17 05:28:50",-3.2076430,-57.0782350
188,e22dd285160e4cbae08878be87d18238.jpg,BRA-104,9748,"2021-10-17 05:04:51",-4.7462940,-68.5488740
189,5128a24e39aebe45813604fc56ae53c3.jpg,BRA-102,14458,"2021-10-17 09:20:03",-8.5388250,-57.5304750
190,f1ee5f94da4d714bafcf958ba9ef6fea.jpg,BRA-104,7437,"2021-10-17 04:02:39",-2.4053860,-58.8175700
191,734297f48c30e413abebb8997d3ecd0d.jpg,AMZ-903,3559,"2021-10-17 16:34:22",-0.5520720,-67.4339920
192,a5dd3d8b19179d21176b152962427c40.jpg,AMZ-901,17814,"2021-10-17 09:10:58",-7.8246340,-57.0540950
193,cec6d02677cd373c214ae33501a2cc3c.jpg,NAS-778,3524,"2021-10-18 00:24:32",-2.6603780,-58.7194320
194,a2f8fe5ed2eca28d27fe96458b64a83a.jpg,AMZ-903,10989,"2021-10-17 13:26:36",-4.9959710,-65.3033830
195,1df17ba3ab5a8ec1bffe3a44b56d0b04.jpg,AMZ-901,15648,"2021-10-18 00:17:30",-0.1345530,-67.4962490
196,6d6523065b9200e7919866944cf13cad.jpg,NAS-772,10604,"2021-10-18 00:17:18",-6.5696100,-63.9118190
197,378b15c6ef5259af441de649bd432e05.jpg,BRA-104,4045,"2021-10-17 22:45:44",-8.5173170,-57.1657210
198,7271c0822c78a6e4986be8144fd43abf.jpg,AMZ-901,11787,"2021-10-18 00:34:32",-0.4807020,-59.1136080
199,61a3f64f731f5346a03b54de8c975fba.jpg,NAS-772,11014,"2021-10-17 04:56:24",-8.0873950,-62.9605710
200,e2fafb22672a54b672506c7ac4406b2d.jpg,AMZ-903,10955,"2021-10-17 11:06:14",-6.7674200,-66.8233270
201,f68acead6c802cc57390c7e5f1a8609d.jpg,NAS-778,1500,"2021-10-17 10:48:01",-6.9800440,-66.2379660
202,08b00e576658fef22322dbce735e18e6.jpg,AMZ-903,9061,"2021-10-17 11:09:44",-1.7346370,-66.3916380
203,a7c388301c0a9172f7adf939bfe28a99.jpg,BRA-104,13545,"2021-10-17 08:21:58",-8.9832540,-59.0101060
204,fbad7d312012708eb542da755c43182d.jpg,BRA-104,14258,"2021-10-17 06:20:19",-2.4069410,-56.3950020
205,89f1ff5c63931b5b8ef504eb995043c1.jpg,BRA-104,13501,"2021-10-17 19:01:36",-4.7626670,-67.5114990
206,53720e0397bef68fa03573c944bafb1d.jpg,AMZ-901,13524,"2021-10-17 14:13:40",-1.9635620,-61.7768380
207,9aea0fc253f10cb5a611f21dbbe388c2.jpg,AMZ-903,626,"2021-10-17 02:40:41",-2.9026990,-59.4200400
208,f49cbb719c0d1a0d93036300459cc537.jpg,NAS-772,5407,"2021-10-17 08:42:48",-2.9548710,-63.7824970
209,5d0bc1de14f3787638a5ae68cf8eed83.jpg,NAS-772,14961,"2021-10-17 10:00:20",-7.4437990,-60.3126540
210,ab02f69dac5787168ffd6fe1d1a7a3a4.jpg,NAS-772,14865,"2021-10-17 21:37:39",-2.0987110,-58.4123000
211,278661aea0b1f48282d00a965ce20a1e.jpg,NAS-772,8461,"2021-10-17 13:29:45",-5.4410700,-63.0179380
212,7168bc3f05ff56d11dbd533ef7fd1fb5.jpg,NAS-778,12696,"2021-10-17 07:08:29",-8.3833250,-56.9060030
213,5e0e9ffda184828a3d7c5e3a383c6b07.jpg,NAS-778,9894,"2021-10-17 01:15:46",-4.4315410,-63.0273010
214,bc0b6a1e516c59460ef931da04713ecb.jpg,BRA-102,11847,"2021-10-17 18:36:29",-6.4743700,-67.4058310
215,5dd56d89807008f7aed4542cd1115c99.jpg,NAS-778,14201,"2021-10-17 12:30:00",-5.2815090,-65.4415710
216,22af7e0289b074d9dfa1a1fa1ac816f6.jpg,BRA-104,1328,"2021-10-17 22:03:25",-6.7820520,-64.7392180
217,53e584a68a29fba7fbade68863e0963d.jpg,AMZ-901,19105,"2021-10-17 07:05:10",-6.4135800,-62.6377150
218,2d798ab22d85ed15441f8ae83d412cd3.jpg,NAS-778,5574,"2021-10-17 03:31:11",-4.9584710,-57.3609710
219,5e39caa2ca41f01650474798a82c16ad.jpg,BRA-102,10741,"2021-10-17 02:44:54",-0.7025340,-57.1313350
220,60d66676ba0996967437214d44829fd9.jpg,BRA-104,16887,"2021-10-17 21:25:05",-4.7072470,-67.2934250
221,9b0b8b7178e3f06b8f34f18ffbfa9cf3.jpg,NAS-772,8912,"2021-10-17 04:45:29",-4.7819690,-62.3054250
222,8229b332ee01e42867977bb2369294dd.jpg,AMZ-901,11920,"2021-10-17 16:19:47",-3.9595410,-58.3433640
223,e17f863328cb2a77a64a05db6a8ae470.jpg,AMZ-901,17413,"2021-10-17 17:57:09",-5.9674970,-67.7403390
224,2632bc145c5a38ffdaff2b559a7f2626.jpg,BRA-104,6024,"2021-10-17 02:48:57",-3.5388980,-60.8726820
225,1ea993f1f414a01cef1557956bd483a7.jpg,BRA-102,7851,"2021-10-17 08:39:39",-4.2952450,-58.1859270
226,bf2351c4702e563ec96d2ba893382897.jpg,NAS-772,8974,"2021-10-17 03:01:44",-1.4570600,-68.2874240
227,7cba72fcb0786ac6bcebf62af16844bc.jpg,BRA-102,14248,"2021-10-17 22:46:12",-7.5603110,-63.2130870
228,6e7553b4f56731c02261ac89e8110e27.jpg,AMZ-903,11659,"2021-10-17 17:36:29",-5.1799820,-56.8384010
229,ef9226df322ac704941ab1eda745e7ca.jpg,BRA-102,6878,"2021-10-17 16:17:50",-5.1798250,-67.9392160
230,30c246f6694df063af1536d9fab21646.jpg,NAS-778,15585,"2021-10-17 19:53:30",-7.9706490,-68.4226520
231,9f5a16307dd680766cec12e6b5e7dbf1.jpg,BRA-104,6839,"2021-10-17 01:14:24",-5.0830400,-60.2545250
232,9a03fab469e4763380d57e990a036d27.jpg,NAS-772,5589,"2021-10-17 03:44:24",-4.8421070,-65.6689550
233,73eee67b3a7a926fee8a6784a04b64d0.jpg,NAS-772,3982,"2021-10-17 17:58:33",-5.1912130,-58.5020950
234,ebb257f75bf9ea823f72b35465ccaf31.jpg,NAS-778,12797,"2021-10-17 17:16:44",-3.3859660,-56.1772090
235,a073fc34c9d80f376ba445db81b1d113.jpg,NAS-778,18124,"2021-10-17 05:38:25",-3.9185040,-68.3641500
236,2510d57cb13b4368c990a1b5e328f18b.jpg,NAS-778,9512,"2021-10-17 04:08:54",-0.1706170,-64.9264030
237,2d6d001189469c9a464ce1b191fbd070.jpg,BRA-104,2151,"2021-10-17 21:48:08",-4.8028910,-58.7459520
238,d98a795ebcfcdb19094eb1bf7f68f35d.jpg,BRA-102,16633,"2021-10-17 21:48:10",-1.7867250,-57.6795430
239,2508546815885b15efa3e7a53a0c069d.jpg,NAS-778,2631,"2021-10-17 18:54:26",-8.4566770,-68.3265200
240,b2faf351626da9626b9950cc4067331f.jpg,AMZ-903,15050,"2021-10-17 05:12:31",-0.1378210,-65.4464250
241,a39164caf364d20b3a8f6f4187e4c85b.jpg,BRA-104,5919,"2021-10-17 03:14:36",-1.4033910,-68.8828270
242,5743e41aa0d79e95137c920fe078e801.jpg,NAS-772,15727,"2021-10-17 09:44:14",-5.8083030,-58.9596300
243,d5028e36dd55e2d5291ac2ebd8f1b032.jpg,AMZ-903,9799,"2021-10-17 04:13:20",-6.6773580,-57.1133010
244,c8b2d2b5f18a832062c26c3ba1d754e4.jpg,AMZ-901,10973,"2021-10-17 11:08:56",-5.9428190,-61.3024870
245,2e152e3903a2087ac6a5b1720c362bca.jpg,BRA-104,13197,"2021-10-17 15:57:44",-0.8937300,-66.2334410
246,c60147f0c42a472b62115e8aac7fe039.jpg,BRA-102,13118,"2021-10-17 08:39:26",-4.9114330,-56.1978700
247,342c91ea5da3e423b657c3f61370bd66.jpg,AMZ-903,13710,"2021-10-17 02:31:04",-1.6116800,-65.1646060
248,4725008853491f5315824b9dc53a854b.jpg,NAS-772,978,"2021-10-17 19:37:59",-2.1980060,-57.0865960
249,ecb93cf2e75ca84e96f6bf7dbb79de91.jpg,BRA-102,16302,"2021-10-17 03:27:55",-3.9998950,-60.4196270
250,ea7dd47e4cf0a6cca7e429eff68c2fe9.jpg,BRA-104,18168,"2021-10-17 05:29:39",-0.3994660,-68.7426210
251,f0e17f6d5e4570333ddf2d4ae68c39d1.jpg,BRA-102,13513,"2021-10-17 02:05:52",-4.0551930,-62.4070660
252,b2320fac330faaf77fd5dea2482e9717.jpg,NAS-772,9758,"2021-10-18 00:01:18",-7.5001710,-59.0675400
253,f4cec5277ba15f4abd88a0638aefff1d.jpg,NAS-772,3527,"2021-10-17 09:34:46",-2.1208580,-56.9969390
254,81c3eda508badfc357887d5d72ffa1b6.jpg,BRA-104,9780,"2021-10-17 20:32:16",-2.8071470,-65.5780200
255,d2c89dc8f27d5685a2c38813cd2d883d.jpg,NAS-772,10557,"2021-10-17 19:28:11",-1.0196970,-62.7591460
256,d81880052b5557d5a4093bfdbf84feca.jpg,BRA-102,19663,"2021-10-17 11:09:11",-1.4176240,-63.4633740
257,a5cbfc47a8590e09d6b8dc24432ff94c.jpg,AMZ-901,7159,"2021-10-17 07:36:58",-8.9676580,-56.6095200
258,eeb3132850e652b71f351ef6189fdc62.jpg,NAS-778,13978,"2021-10-17 23:57:25",-0.4126970,-56.3545130
259,43747300990a4f3d9d88ae7f97c5b829.jpg,AMZ-903,10010,"2021-10-17 15:32:19",-0.7927560,-63.7096710
260,3c986d64fce131ecf232db7eb709d1d6.jpg,NAS-772,2487,"2021-10-17 08:39:00",-5.5941290,-58.5037400
261,109276379a82e7e8b714508cafb3cb9b.jpg,BRA-102,9304,"2021-10-17 11:00:06",-6.4846700,-59.0564880
262,e0e261ae9d1ab03f5ed8227872be2cd8.jpg,AMZ-901,5784,"2021-10-17 00:40:58",-5.8544360,-57.6325480
263,dd46f7881759d85b708bcb3730d3a6b1.jpg,BRA-104,1828,"2021-10-17 01:04:31",-5.8189210,-58.3186980
264,bbb568be3152d640211640bc353bfdae.jpg,BRA-102,6729,"2021-10-17 19:31:18",-4.5302990,-61.9106960
265,605d4cd208d23f8fc7d63a15c1ac6ec2.jpg,NAS-772,7514,"2021-10-17 01:17:24",-8.6262670,-57.5744860
266,8de6418f9ba3f8ce8f16338ca3f4b83a.jpg,BRA-102,1477,"2021-10-17 17:35:32",-7.8747420,-61.2539130
267,45713e234bc73ee707870b4056900d03.jpg,AMZ-901,5878,"2021-10-17 09:36:36",-3.2950160,-62.4159900
268,8a484e70f233ead1d01d6b6036fa79b2.jpg,BRA-104,2205,"2021-10-17 12:34:23",-6.2095530,-58.6920420
269,3cc5329394323a00cc3cf635a3f886e9.jpg,AMZ-903,11743,"2021-10-17 16:16:07",-2.4543510,-63.4659070
270,7663a541a3ad5f69481d0b4aa113031a.jpg,BRA-104,7229,"2021-10-17 11:01:57",-5.5013860,-61.5690440
271,e526527940f1ecfa086ad5d803c48f01.jpg,NAS-778,9264,"2021-10-17 03:15:39",-3.5772800,-66.1477610
272,0de5907638a1917605315c42bcfb6ceb.jpg,AMZ-901,11171,"2021-10-17 02:19:16",-7.4216820,-57.0524710
273,7177a6b9d277a16c12326dca4842e918.jpg,BRA-104,13973,"2021-10-17 15:30:22",-2.8735060,-62.4058100
274,cc1f5e9cd54fe211b414cb23bffd0d15.jpg,AMZ-901,9180,"2021-10-17 01:08:39",-2.7521090,-60.3993470
275,57a39d2ddc6c95e7f5d5b7ff8b81fc45.jpg,NAS-778,14560,"2021-10-17 20:51:58",-8.7510010,-60.9813670
276,b654cec6662f0a86df6b0c0c4ac39bc5.jpg,AMZ-903,16579,"2021-10-18 00:34:44",-0.5674770,-64.5999000
277,f65953bc4a4bef1803189b5ef785b02f.jpg,AMZ-903,4110,"2021-10-17 14:11:48",-6.7006870,-66.3591710
278,79014a034e664b054b7108e7fec6ecd1.jpg,BRA-102,14174,"2021-10-17 15:22:15",-5.6131740,-58.1992660
279,4bf96503b01a99dc0aa9440f6ff087c4.jpg,AMZ-901,3971,"2021-10-17 04:02:27",-7.2215240,-63.0162390
280,a8f9b7fd2b56be260dc9a3eaced9dbe3.jpg,AMZ-901,14205,"2021-10-17 13:44:17",-3.6457240,-63.4733900
281,fd49b0f5b3d4baee290a407d2015d27f.jpg,NAS-778,4517,"2021-10-17 18:10:18",-2.6949760,-62.6013500
282,330aa59e018c8ce44a05e8944c90613a.jpg,AMZ-903,9178,"2021-10-17 16:24:17",-1.1680210,-62.2325420
283,65d185e8c5d5febacd3e045675b956bf.jpg,BRA-102,18018,"2021-10-17 02:23:27",-7.6826360,-64.1670330
284,5837d67bfa2c731056082f3abd310abb.jpg,AMZ-903,5637,"2021-10-17 13:08:32",-3.3337640,-65.6789150
285,6c39da1dc2907d7b797c768521b02895.jpg,AMZ-901,6485,"2021-10-17 00:44:30",-1.9778290,-68.6057390
286,6e6b2c3d6639036950aa59e7f695eea6.jpg,NAS-772,6428,"2021-10-17 03:43:21",-0.8975400,-62.6637230
287,211557f3b3bcd72601cd17162513db73.jpg,BRA-102,14219,"2021-10-17 11:41:48",-2.1847510,-66.6119040
288,4af81567679a6244f4c3a1d4426ac509.jpg,NAS-772,872,"2021-10-17 12:52:12",-0.0720250,-67.7746690
289,43639d3a0e8a85e63b8007b6d33f6c06.jpg,AMZ-901,15394,"2021-10-17 20:30:34",-6.8677190,-68.9441650
290,bc0532a9462be969f164e2b9b9659670.jpg,NAS-778,18197,"2021-10-17 20:36:47",-4.3443740,-57.0688520
291,460fda291303d4dbe84d9290c8cc6a2b.jpg,AMZ-903,4522,"2021-10-18 00:13:27",-4.6964150,-65.1488930
292,6b6d75c4e4d9b3c3eb2e37d8704cbae1.jpg,AMZ-903,15941,"2021-10-17 22:37:46",-7.7952980,-64.9498350
293,f435404c3699a183a9e2afe5680080cc.jpg,BRA-102,11538,"2021-10-17 22:43:21",-2.3303410,-66.6453010
294,7b342e64c7fa4cb73c6db0dc10bc1402.jpg,AMZ-901,8910,"2021-10-17 09:15:36",-0.0371870,-56.3401670
295,bdd9c388476d7dbfcbc78de346bdb864.jpg,NAS-772,16912,"2021-10-17 04:02:39",-1.4857560,-58.9849520
296,5f12f2da346460b683e72095268d67bc.jpg,NAS-772,2778,"2021-10-17 05:19:29",-8.6730910,-57.7358260
297,aa6a43f34945e82dbcdf942794dc6591.jpg,AMZ-901,6785,"2021-10-17 02:54:25",-6.2268430,-60.0986060
298,fa5010b1f1053f735695bc7a055133f9.jpg,AMZ-901,12480,"2021-10-17 02:17:39",-5.6475670,-56.2982040
299,8236a887728a6c448c9a599251e4162c.jpg,NAS-778,13702,"2021-10-17 18:43:41",-6.5661070,-56.0436840
300,165f4db052f0128d0d092544fdbc93d1.jpg,BRA-104,3540,"2021-10-17 06:10:50",-6.9588870,-63.9262290
301,d2fb97c2050c9d94fb4554e0f1e3af38.jpg,AMZ-903,636,"2021-10-18 00:32:39",-7.4712030,-58.4069360
302,e3d2490fce4ee5aa99d11cb91c8fbc44.jpg,NAS-778,9614,"2021-10-18 00:20:40",-6.8097020,-57.7912390
303,21ff031fc36bf11b799849dfc908228f.jpg,AMZ-901,6905,"2021-10-17 02:08:54",-8.3234450,-66.2167990
304,c5e2e56451064aa206ebdea6d5f73de1.jpg,NAS-772,9018,"2021-10-17 06:05:14",-2.6375700,-61.1767740
305,7c8af02bace281d4d99ac523ca54bc53.jpg,NAS-772,17867,"2021-10-17 23:22:51",-2.4688930,-60.4625470
306,b5a82a7cdc28c1a24acf5a95e5bc1b1c.jpg,BRA-102,3269,"2021-10-17 09:04:30",-0.8681970,-62.8488420
307,bb2d748bd62629251dcd581cfbc1ded0.jpg,AMZ-903,5875,"2021-10-17 01:20:48",-6.4575450,-60.8426390
308,b72d5a31f707e5380d3af532e6d2515a.jpg,AMZ-903,11066,"2021-10-17 11:18:40",-5.9532070,-66.2506560
309,c847b89ee5fd6bdb7d7f82be4f0bc7c0.jpg,NAS-772,7437,"2021-10-17 00:53:25",-0.9968090,-66.5821010
310,22c20fa0bdf65faee792fdba0a4f2e63.jpg,NAS-772,16653,"2021-10-17 05:39:10",-1.1608680,-66.2801250
311,244c5de45b2b08c9127e511932c2b11e.jpg,AMZ-903,16412,"2021-10-17 03:18:55",-0.9933510,-60.5239130
312,a715ac9d95cf9b488b26bd1340af93de.jpg,BRA-104,13032,"2021-10-17 15:44:38",-5.0613260,-60.5948270
313,a6a9b8c3fc5d92640a14b38c99bdc064.jpg,AMZ-903,7247,"2021-10-17 01:15:46",-8.1602710,-59.1107020
314,40a1a34bcf7e111c35a51489b0705585.jpg,BRA-104,15146,"2021-10-17 02:54:25",-3.0280830,-57.1177240
315,e126ca94e0a4245fcef222ae656d4d48.jpg,AMZ-903,2341,"2021-10-17 08:17:43",-7.5020540,-68.9245570
316,98274ad5d0cd1a60372a4c02db7728dc.jpg,BRA-102,5086,"2021-10-17 02:32:22",-7.0311470,-67.6724080
317,daad730beeff779b09eee30412a7dfcf.jpg,AMZ-903,12921,"2021-10-17 05:27:00",-8.0290730,-56.6355950
318,330e948a8762fd0dbfdd06631e931205.jpg,AMZ-903,19939,"2021-10-17 21:45:07",-2.7924240,-68.5948060
319,2ac287620a94e572561ca762df037f3c.jpg,BRA-102,16926,"2021-10-17 06:04:22",-5.2275770,-57.0766270
320,ac10a9ed788dd307b0280e5e12d1c27a.jpg,NAS-778,15641,"2021-10-17 05:33:17",-0.2089390,-68.9816880
321,6e393733c025f2e361b8c80ddc5e537b.jpg,AMZ-903,882,"2021-10-17 01:25:25",-2.2426720,-65.5634050
322,9cb70283cb2fddc22d2e0923ab6c0c7d.jpg,AMZ-903,17442,"2021-10-17 17:39:43",-5.0313510,-58.4123290
323,795eabb384935e36ceeb51b0429bec95.jpg,BRA-102,13667,"2021-10-17 20:49:30",-0.5992420,-65.7679410
324,aa1ece48615c1737f6899f5705364257.jpg,NAS-778,9468,"2021-10-17 17:43:40",-1.2595870,-57.1773430
325,ecc17778098340bb5aa32e9d228e21f5.jpg,AMZ-903,15237,"2021-10-17 15:53:15",-0.9345060,-68.6664160
326,5c151eb536fd7f511c7ec05858f2d6f4.jpg,NAS-772,9925,"2021-10-17 19:06:27",-0.3682530,-59.4168140
327,13488bd7a562f94805cbd5d3a9843a4b.jpg,NAS-772,4606,"2021-10-17 20:09:14",-2.6830320,-61.9855560
328,d3b6297ceaf63b727c1fac70f6ea98ac.jpg,AMZ-901,14384,"2021-10-17 13:50:57",-0.3508150,-68.3453640
329,3b3ec06d7e68c1370706c9160719df73.jpg,BRA-104,3570,"2021-10-17 21:47:29",-1.3617370,-66.4955140
330,58ec0408a724d701b7938bdcfc00cdde.jpg,BRA-102,9146,"2021-10-17 02:30:47",-5.7281560,-66.1472910
331,87aa55d0fc176cd38bbcd8eeffa47609.jpg,NAS-772,12981,"2021-10-17 14:13:27",-4.6812000,-59.7911240
332,e8b6d9d25cb4e61852670de08e95d68f.jpg,NAS-778,3260,"2021-10-17 18:43:38",-2.7682770,-62.3808410
333,9a65e965a00cdfb6c5e9d41b35e60270.jpg,AMZ-901,13887,"2021-10-17 15:26:38",-3.0322500,-65.5567220
334,c1ebdb2049647222361e0b03b4492899.jpg,BRA-104,15046,"2021-10-17 13:16:27",-0.8832170,-62.2040080
335,018dcaed2509fd90b39e65f6fec6155b.jpg,AMZ-901,8328,"2021-10-17 07:49:26",-3.5238590,-68.1660590
336,426f4fb78183fe1080514c23c896d475.jpg,AMZ-901,3024,"2021-10-17 02:26:34",-8.5602530,-62.6948120
337,6b8a82ab101c7068afe3ae50744b4fb1.jpg,NAS-772,9206,"2021-10-17 06:45:00",-5.9833110,-66.0355390
338,aaf16188be45d1aff0cdd9a8729a4757.jpg,BRA-102,16648,"2021-10-17 22:23:08",-0.6380720,-58.0400860
339,365648d71f3efe32319626faf46fb535.jpg,AMZ-903,3044,"2021-10-17 08:48:59",-4.8131870,-60.7509710
340,3b2fdbf35268993777bd0c5bcd675e56.jpg,AMZ-903,9222,"2021-10-17 18:46:46",-8.1602150,-65.3698540
341,27e3c82666d20147e318e30f56958b61.jpg,AMZ-901,5135,"2021-10-17 13:01:33",-8.1456100,-67.0414150
342,8eb440785a5b66f5328324f9fb319b0b.jpg,NAS-772,11428,"2021-10-17 09:09:08",-7.6789060,-57.4026840
343,ab090fd977baec60dcca750c54eafaa3.jpg,BRA-102,17405,"2021-10-17 14:47:12",-6.6989770,-57.4113010
344,acc58de76763863ddb56ab62c7a73f11.jpg,AMZ-901,15346,"2021-10-17 17:38:23",-1.0503870,-63.0066150
345,6112af0b344b887a7b22f0f94644dd3e.jpg,NAS-772,7084,"2021-10-17 16:21:42",-5.3524410,-65.6543720
346,e6dddb1db473608d50716d51410988cb.jpg,BRA-102,12770,"2021-10-17 13:59:02",-0.2816850,-67.6330230
347,b5b5638dba53a02c34ab43feed499597.jpg,NAS-772,16038,"2021-10-17 18:00:45",-8.9934000,-63.0216460
348,a8ec4bddea9f9350739bffd907a7fd41.jpg,BRA-104,5259,"2021-10-17 07:04:41",-5.8704460,-56.8203370
349,50c5647ba6ac2f0692843ced90b4d389.jpg,BRA-104,19822,"2021-10-17 17:47:54",-7.5806980,-56.3903110
350,e8793d8e0bc5c6413dfc9951f97e29cd.jpg,AMZ-901,11979,"2021-10-17 04:21:25",-6.7733460,-65.0990180
351,d7bc5b7847db2fb4dd84d6a41bfb4225.jpg,NAS-778,9493,"2021-10-17 01:13:38",-2.1357030,-59.3534830
352,e38baff862fe7b5283f9fde355b6d1e5.jpg,AMZ-901,13540,"2021-10-17 06:17:21",-0.1066720,-67.6834190
353,1b04d65c9601a1479fc4e0d2247c8988.jpg,NAS-778,3562,"2021-10-17 07:17:13",-7.1691660,-58.5954340
354,81a423b5119beb7d4c0c860122cb4c50.jpg,AMZ-903,16404,"2021-10-17 04:05:01",-7.0053110,-68.7126280
355,20c72d3d16d6e5ed12eeaafb6081f3cb.jpg,AMZ-903,806,"2021-10-17 18:16:21",-7.9742720,-61.2209690
356,ad8d727503fac3466ce284b5fb5bd8ee.jpg,AMZ-901,13178,"2021-10-17 10:28:15",-4.0978310,-60.9435540
357,a67cdb8c3ae2e69fb887da57584d26f1.jpg,BRA-102,4632,"2021-10-17 16:40:27",-1.5689900,-63.7296330
358,7eb9956db5fb0953bee2af3f9b640f57.jpg,NAS-772,10651,"2021-10-17 14:28:26",-8.4501120,-58.8757450
359,44931b998aca85869b3d23d8534a4bf9.jpg,NAS-772,19458,"2021-10-17 16:33:43",-8.6562740,-68.1815270
360,4025fc0e0392d8b3352e6e820e3c71bb.jpg,BRA-104,6981,"2021-10-17 16:32:42",-7.9125740,-56.5040370
361,d176192c309c4dee3344a9093bc23eae.jpg,BRA-102,6426,"2021-10-18 00:05:45",-2.6849130,-68.3554240
362,d6568a8973d52e3f93945215fa9a85db.jpg,NAS-778,11174,"2021-10-17 01:37:27",-6.7020950,-63.5960270
363,c47aa64ab14d3bfbeaaa27b4282e027b.jpg,AMZ-901,14023,"2021-10-18 00:20:36",-5.6120200,-61.5714550
364,e1d41b635f3e76fb603d7593971dfe5e.jpg,AMZ-901,17038,"2021-10-17 08:38:30",-3.7911490,-56.6919650
365,1e5316db1613cf12b8bba89a458e4cd9.jpg,AMZ-901,2481,"2021-10-17 10:00:04",-0.6281900,-59.9559070
366,2ff63cab19ee8a01a614c0d3100dcc26.jpg,AMZ-901,6140,"2021-10-17 18:15:27",-4.8936570,-65.4054930
367,55b2f9a3c8f587aaec747dbc3dcdf064.jpg,BRA-104,18860,"2021-10-17 04:34:37",-1.8111110,-65.8841320
368,168a68644c62bb3c3a44f0241df2b9ff.jpg,NAS-772,4930,"2021-10-17 12:44:50",-4.3563590,-59.1843380
369,8a249c3de7db825cf5b7fafe80c7165e.jpg,NAS-778,18663,"2021-10-17 19:01:05",-3.0814960,-59.8235010
370,be0b6f441e2985ad811983157f9b1c5f.jpg,BRA-102,7320,"2021-10-17 15:03:07",-1.4204610,-64.4527110
371,793c2e220513f1ccdc2970d5c15ec5ae.jpg,AMZ-903,14847,"2021-10-17 22:16:38",-6.0727880,-64.1486870
372,fb67b4ccfde937375f1ed3ae74f2823c.jpg,BRA-104,3394,"2021-10-17 21:47:02",-5.6851300,-56.0855040
373,acbdbd4f312bb853e2b54df68d5d8e65.jpg,AMZ-901,10536,"2021-10-17 06:49:39",-1.2489940,-64.5469260
374,f2fefbc032416c2e31cad762fe1e7188.jpg,BRA-104,2132,"2021-10-17 21:13:31",-1.4673480,-61.6861400
375,59d32af739ef91094c1d9b98b07f58d7.jpg,AMZ-903,10395,"2021-10-17 15:21:03",-1.6599600,-64.6812930
376,09aa8927b62b6fc7d6dd7fc6cba6d9d6.jpg,AMZ-903,16892,"2021-10-17 13:04:46",-2.9682300,-58.4259760
377,d286835690ab1ced3707a2c1f234fe23.jpg,AMZ-901,2824,"2021-10-17 09:46:24",-1.4060710,-68.5075880
378,726e5d7dd563774d428e0893ff3639d8.jpg,AMZ-901,1637,"2021-10-17 20:37:13",-4.5162270,-58.2465580
379,fead993468cb2c25808b50238c83fd69.jpg,AMZ-901,12887,"2021-10-17 22:14:22",-1.8623010,-62.9070000
380,125fe940af32c19fb82eaac41dc58f8a.jpg,NAS-772,13880,"2021-10-17 15:36:38",-0.9928620,-65.3436660
381,1b90ba8c7f9454ba8f23b4f79fbb9b91.jpg,AMZ-903,4820,"2021-10-17 22:09:51",-1.5815320,-65.4657410
382,f38e9af503e96cf3d33ce328fae63508.jpg,BRA-102,2186,"2021-10-17 19:24:29",-6.1019320,-61.0227230
383,e1113cab66602c731bac9a8155995f3a.jpg,AMZ-901,19376,"2021-10-17 17:38:59",-1.6874430,-61.6270350
384,9de3e997c1fc304b5eb99205d6ab1562.jpg,AMZ-903,2926,"2021-10-17 16:12:24",-3.8227720,-68.3513420
385,5e0504afd157768a300adfc6ca9d5d86.jpg,BRA-102,15221,"2021-10-17 17:28:36",-7.2663460,-63.1896820
386,ce9fc5de58a7738f5ef55ce94078d75e.jpg,BRA-104,15505,"2021-10-17 20:30:38",-8.5325200,-57.5208650
387,c18d430cf08fc0ccefb56b44f639852a.jpg,BRA-102,3966,"2021-10-17 16:31:17",-1.3275470,-66.3163240
388,3ba2caf62d6e7101e9b4e87a971fe000.jpg,AMZ-903,16240,"2021-10-17 05:55:52",-7.5045470,-58.2387510
389,4b1aaa816758172bf344eb9d0eaee05e.jpg,BRA-104,8556,"2021-10-17 13:27:34",-3.5748200,-62.4848320
390,112c6cc9771eb56093f7d412d056e3d3.jpg,BRA-102,8015,"2021-10-17 10:27:40",-6.9339940,-59.3179790
391,8520241248b296e458d07fd179c046b2.jpg,NAS-772,10957,"2021-10-17 15:56:38",-2.9292170,-57.6450710
392,097571abbed300977714f87e05fd58df.jpg,NAS-772,19113,"2021-10-17 17:25:48",-1.0163520,-66.2674380
393,39c3605a9d7fb8d23272ba4e3e1cab34.jpg,NAS-778,18520,"2021-10-17 11:48:23",-7.3731010,-58.8417950
394,d542974d0a1d3c554d9b36095d4318a1.jpg,BRA-104,11977,"2021-10-17 06:34:05",-2.9670360,-61.0723420
395,772c5dd57a4767d810c4a38661d9fd6c.jpg,BRA-104,6830,"2021-10-17 21:10:53",-4.2769260,-60.2122070
396,dc07a5e2ff0511c8015aae6d18f8d336.jpg,AMZ-903,14961,"2021-10-17 14:28:00",-5.4734520,-61.5479740
397,d92c4c0420bf7d098019661cc371c426.jpg,NAS-772,4046,"2021-10-17 07:24:46",-0.2096250,-65.8164300
398,b1aa7a5802b70299b61006f85c8f9114.jpg,BRA-104,1252,"2021-10-17 08:21:44",-5.9336450,-57.6868680
399,a5a89ff93deb0da7d0b8c0b3fd5ca4d7.jpg,BRA-102,5673,"2021-10-17 03:07:29",-5.9270730,-65.2487230
400,a3a7b2ccd4ea8946f0af2a619f1cc962.jpg,BRA-102,10295,"2021-10-17 04:48:39",-3.0731140,-60.4163270
401,e0d150ef840776cfc501f2071ac6c6cf.jpg,AMZ-901,12528,"2021-10-17 08:23:35",-2.0791330,-66.5117350
402,e7c76568aeb440d79d2bbcffb1b79ed3.jpg,BRA-104,11835,"2021-10-17 23:46:01",-5.1886460,-59.2240160
403,176ec0ad9dddaaaed8436ded5bd2dd6c.jpg,AMZ-903,18648,"2021-10-17 21:45:34",-1.2104170,-67.3639400
404,00638da5692c981fe064d20a5d54c772.jpg,AMZ-903,17792,"2021-10-17 12:23:54",-1.1234660,-66.7577860
405,f868462a01f9c60bd8b03a8a63725aaf.jpg,BRA-102,1574,"2021-10-17 17:30:10",-0.6678150,-65.8847530
406,5f291e9e08ef344389939327c387e203.jpg,NAS-772,5890,"2021-10-17 20:10:35",-0.9572720,-63.3984980
407,9493b3e61c5e676f2b9def3466a14b03.jpg,BRA-102,5287,"2021-10-17 04:40:21",-5.2020400,-60.4176850
408,294ed70e048f47ecf638919a62c59d56.jpg,AMZ-901,8290,"2021-10-17 22:30:58",-8.0153620,-64.4465500
409,b052194f5f74f499957fd086eb36b3f0.jpg,NAS-778,9905,"2021-10-17 04:19:11",-6.0387070,-61.7137930
410,f8d05c832260d7cf417dfa467024b84b.jpg,AMZ-901,2907,"2021-10-17 05:47:01",-7.6485340,-60.0969500
411,86b221c7bda2175ab127507394dd7153.jpg,BRA-102,1973,"2021-10-17 23:35:10",-7.8330240,-63.0650770
412,27df8717e9b75275c4f41f4bdb31bfb1.jpg,BRA-102,2740,"2021-10-17 20:01:08",-4.7307330,-56.7903100
413,b41e52895816574cae0fdd2cc503687c.jpg,AMZ-903,8080,"2021-10-17 15:16:35",-1.4785970,-62.2709120
414,5f0868a28b1262f250a24d3d6fef549a.jpg,AMZ-903,668,"2021-10-17 15:06:17",-3.2758890,-56.3510150
415,8e45526e1de1c4c15c754e5243f487b9.jpg,AMZ-903,15166,"2021-10-17 17:36:28",-5.9365640,-67.8997890
416,b58a0affe3434f1c38d5457e2560006e.jpg,BRA-104,10494,"2021-10-17 16:19:00",-7.8310150,-63.7095170
417,7bef1876d44e15368cba30d3f0b98891.jpg,AMZ-903,18156,"2021-10-17 03:51:13",-6.1600870,-58.3360140
418,4d8e64816da15e5f68c6b4d24c8195c2.jpg,AMZ-901,1798,"2021-10-17 20:48:29",-5.6377780,-59.4228450
419,c52845648efd4100de005b5748382e0e.jpg,BRA-104,11887,"2021-10-17 12:18:08",-4.7711050,-63.7037880
420,082e9cea541e0b034babb727b625c8ce.jpg,AMZ-901,16095,"2021-10-17 04:35:50",-0.4671700,-59.8773400
421,a79c930b9e23a62878067cef50dd6cc7.jpg,NAS-772,14529,"2021-10-17 06:08:26",-4.2098530,-60.3667850
422,118d4501eb40aafac26bf0d08b2af757.jpg,AMZ-901,5149,"2021-10-17 18:24:40",-0.8050000,-58.7222120
423,2320e5547d476283fd618210aff53a46.jpg,NAS-778,13023,"2021-10-17 15:38:24",-7.4007260,-57.2824560
424,f25b023024af587d86c117fdcb552272.jpg,BRA-104,7717,"2021-10-17 16:05:58",-3.0275090,-57.0022320
425,34d7ff7a4ede96ad5f7f8e53afd6e05a.jpg,NAS-778,16273,"2021-10-17 18:33:20",-0.6976390,-66.0606940
426,c69e1a5023365a38eaebf6c67a63984d.jpg,BRA-104,17455,"2021-10-17 16:21:01",-7.3143780,-61.9867660
427,66d7da1109b5d18be4753407f337d88c.jpg,AMZ-903,728,"2021-10-17 03:50:35",-0.5692280,-63.3286050
428,e61d4dfa83ca2499efe1ffa3c647ba71.jpg,BRA-102,15486,"2021-10-17 11:44:04",-0.0939510,-65.2656860
429,2049cb41f76bd8ce6bba6f0436dc6551.jpg,AMZ-901,6227,"2021-10-17 10:41:32",-8.2047230,-65.9951770
430,04017667b689b3c285facb2a412d4d21.jpg,NAS-772,12347,"2021-10-17 18:02:00",-3.8083670,-57.8253630
431,01f3c69fd5578d8c200e5af689b16f63.jpg,BRA-102,19598,"2021-10-17 17:52:08",-8.8164280,-64.7434650
432,2ba5e03551e380ecd97517d80739df68.jpg,BRA-104,11756,"2021-10-17 23:25:57",-6.6269360,-56.2836780
433,a1fb3a22c756768f42b69a826b4998b4.jpg,AMZ-903,4652,"2021-10-17 23:01:21",-8.5527550,-66.7612850
434,1da56710d1196680a34e29a82b5df0b6.jpg,AMZ-903,11114,"2021-10-17 15:13:00",-6.2554460,-58.7912440
435,60bd446ed7a57f2c1fb813ded74bab1a.jpg,AMZ-901,17100,"2021-10-17 23:53:13",-0.4228600,-61.8157570
436,f0e1f82f1271ad5a1bb24354634c1ff4.jpg,NAS-778,8844,"2021-10-17 04:06:01",-4.9758270,-58.1317970
437,4fd9e60f7e7bc8c12ed187a094e6cb9f.jpg,AMZ-903,19084,"2021-10-17 16:22:58",-4.2788770,-61.2342980
438,406d37f442f46e7dd454ad517229bfa6.jpg,NAS-778,13877,"2021-10-17 16:22:46",-1.6128340,-68.9462980
439,660bc6462ad6053a28e7072349b75f90.jpg,NAS-772,19185,"2021-10-17 07:56:39",-1.9411790,-62.0269960
440,95e63136d2a05cb0f3aeb399cd79a22a.jpg,BRA-102,1022,"2021-10-17 15:38:08",-4.7869700,-58.8546560
441,a97ff1670473c2b6800f41490ae64a7a.jpg,BRA-102,7858,"2021-10-17 04:33:03",-0.4452570,-66.9545540
442,40700fb22b97aa67c63e4988ea017971.jpg,BRA-102,11429,"2021-10-17 23:52:02",-8.8549370,-58.7338200
443,6817808cd9eca4259e680d76e6f86a08.jpg,NAS-778,11335,"2021-10-17 12:25:27",-2.1378720,-60.1565350
444,0550123f420bb26c954556c2b265bb92.jpg,BRA-102,4339,"2021-10-17 11:27:14",-6.4327800,-62.3174050
445,2ba36557f57da21eefd0c1c9eb9431ac.jpg,BRA-102,9075,"2021-10-17 08:21:16",-6.5105910,-59.3739650
446,2a99d05811e78761fe8cc08e0dba2f2d.jpg,AMZ-903,9225,"2021-10-17 20:48:18",-0.6480840,-64.1907290
447,e1b89cdb988a7d4bcb44773c3c7ef5d6.jpg,NAS-778,11285,"2021-10-17 15:04:04",-6.9376800,-67.3053640
448,1d3bdee44a9caa68d3fb10e237caed62.jpg,NAS-772,11597,"2021-10-17 22:12:36",-7.7060970,-67.9440560
449,722478b14d94722667947e51da1f18c7.jpg,AMZ-903,10415,"2021-10-17 14:09:54",-1.4538580,-65.3277550
450,3b4b0b5a693d16c5599e4fd5a057bb27.jpg,NAS-778,11519,"2021-10-17 02:05:49",-5.5979580,-57.7724590
451,1f651d2b713f969ef355c645f7318cb7.jpg,BRA-102,19403,"2021-10-17 02:42:09",-7.6284570,-65.9759840
452,61dd097f8a354810425ea150561ee21a.jpg,AMZ-903,4603,"2021-10-17 16:27:05",-1.8153110,-63.9571930
453,828d73eb528a710dff6c01196dccbb74.jpg,NAS-772,12277,"2021-10-17 01:53:18",-5.9401740,-60.9369820
454,77cd9b510f296ab268f4d056e5c289de.jpg,NAS-778,8837,"2021-10-17 02:18:11",-2.9437670,-59.3909930
455,49305a2c8685cc99895be9d046d05b36.jpg,AMZ-903,15148,"2021-10-17 17:42:32",-0.7347360,-60.7366440
456,5f223269a96c5db328bd02a24b0f5ca2.jpg,NAS-778,16253,"2021-10-17 04:41:00",-7.6732650,-63.9569370
457,59d6bc10d3eab9a3703b672039f566a1.jpg,AMZ-903,6779,"2021-10-17 01:02:12",-8.3998030,-63.8716640
458,d42a5260ad75ecbce9aa53350f0d4d79.jpg,NAS-772,6938,"2021-10-17 05:55:11",-4.9656140,-57.0377570
459,55689284c9e40801aded85f864f0d91b.jpg,AMZ-901,14279,"2021-10-17 14:02:41",-6.7433810,-68.2465290
460,620aa6aef15c100a782cb1d76fc52160.jpg,BRA-102,16448,"2021-10-17 14:44:30",-2.9057820,-57.0355060
461,21ad34e8ed99a7dc49678ff1e3648f53.jpg,BRA-104,19585,"2021-10-17 02:59:24",-5.8165360,-59.3002270
462,b4e6daf17d34dbd79119bea45f9c24a3.jpg,AMZ-901,17361,"2021-10-17 13:22:35",-4.9909950,-65.1733530
463,9ab8d473c134d54430804fe3bb40bf95.jpg,NAS-778,12821,"2021-10-17 13:33:56",-5.4687800,-65.4720640
464,2143b1746db11e10b93298e052666f43.jpg,AMZ-901,11669,"2021-10-17 17:24:30",-4.2036040,-65.2315640
465,3700e19d0e990fd73b331fa2ac7b533d.jpg,BRA-102,8734,"2021-10-17 11:25:52",-0.1866500,-57.4764530
466,39ffab44a1a44f17f6cc40da04fb313a.jpg,BRA-104,19396,"2021-10-17 06:59:56",-1.2820270,-61.9427650
467,da8c3785b8841bd72071de287e4809e8.jpg,AMZ-901,9191,"2021-10-17 19:47:14",-0.8869500,-59.7942400
468,9bd68c52d5fb3b450cb1dba226b41a1e.jpg,BRA-102,5056,"2021-10-17 09:38:25",-5.8427950,-68.8122540
469,3e538a86466f7c5ca2da8e263097241a.jpg,NAS-778,4437,"2021-10-17 03:23:51",-0.6724550,-57.5161550
470,8d9ed4230b2b38f97a84ebc003390cfa.jpg,BRA-104,2981,"2021-10-17 23:41:18",-1.8849340,-58.5205510
471,76e1966c0ea15345cdf816602ded8198.jpg,AMZ-903,14675,"2021-10-17 23:32:50",-2.8288440,-63.8736380
472,e0e36003795d464c62bd2636caaa12a3.jpg,AMZ-903,7121,"2021-10-17 11:56:02",-6.4386370,-57.0334770
473,c2b793d9d13707907e64326316c23ea5.jpg,BRA-102,12588,"2021-10-17 00:55:52",-4.1235750,-58.0400490
474,777870e3415e0c6b960c4ec99a7395ae.jpg,NAS-778,12191,"2021-10-17 15:06:44",-1.4064650,-59.5657580
475,dba60ec054917420d2566988fbe56543.jpg,AMZ-901,12500,"2021-10-17 14:28:21",-2.8753780,-61.7583090
476,17f34783c9f59a463df615d5317ad939.jpg,BRA-102,19143,"2021-10-17 02:08:17",-3.5009290,-58.9769340
477,ea33e0e68ce686314c8eb1c3eb66f836.jpg,BRA-104,2450,"2021-10-17 01:31:43",-7.4500440,-60.1364710
478,e4646c0a53553289c67d3e335eee3284.jpg,BRA-102,12944,"2021-10-17 19:01:05",-8.2829350,-63.5515030
479,117129371100b052732bb35475b635f5.jpg,BRA-102,14961,"2021-10-17 05:33:06",-8.7362020,-64.7283730
480,8b5bc8b8b69e09f728c597ca340a7eda.jpg,AMZ-903,1011,"2021-10-17 23:31:50",-1.0710480,-64.6993000
481,d897595ab7f4131ca89c982564e3500c.jpg,BRA-104,5357,"2021-10-17 21:58:58",-0.2084900,-66.3247010
482,197362c78bc6be6b5187dd86eb4aa05c.jpg,NAS-772,19070,"2021-10-17 08:49:45",-1.7305440,-56.3942010
483,78c9484e60713caf28588c1792245369.jpg,AMZ-901,7665,"2021-10-17 11:51:32",-5.5982540,-60.7189650
484,4d7980c7964553f016ab89300c05be85.jpg,NAS-772,6581,"2021-10-17 04:33:53",-5.4595700,-68.5149290
485,d482508a35db6d808cf31b0eee634108.jpg,BRA-104,3146,"2021-10-17 16:22:04",-3.2317940,-57.0867620
486,8d39af5601d95266ff30ade8402691ef.jpg,BRA-104,14296,"2021-10-17 21:36:48",-2.1173860,-67.6591690
487,3e71078b4b40b559457fc79209c0d15c.jpg,AMZ-903,16583,"2021-10-17 02:44:55",-3.3299130,-58.2532150
488,cb16f6f7e23c18d8fedba94316a78294.jpg,NAS-778,14425,"2021-10-17 20:00:46",-3.9978820,-60.6036300
489,aaea211d38ec5a158e49818f59c93dea.jpg,NAS-772,16737,"2021-10-17 13:39:42",-3.2098490,-59.3292430
490,11ca7ac12d0223ea52d0d09562937123.jpg,NAS-772,12505,"2021-10-17 21:56:20",-0.8924270,-60.7243510
491,01389817c3ae337c0ce0886d4a71e05a.jpg,NAS-772,1993,"2021-10-17 04:10:34",-7.1353060,-68.3039830
492,b766869962d8f3cc01af38bb91075dce.jpg,BRA-102,10579,"2021-10-17 21:22:47",-1.9612890,-67.7408240
493,0ad34ea7311b61477cf11f1c37848e47.jpg,BRA-102,13046,"2021-10-17 03:05:30",-4.7730370,-62.8619140
494,5859937e3373b9e9ba2a791e34687cca.jpg,AMZ-901,9433,"2021-10-17 17:04:29",-3.4879540,-60.1601190
495,0b350d9134e8f65c6036ca549b7b06d4.jpg,BRA-102,10790,"2021-10-17 23:28:48",-5.3736040,-62.4077680
496,9114359827c7cd19a41972ac76027201.jpg,NAS-778,1870,"2021-10-17 10:46:03",-1.9044980,-62.5432860
497,c0cc5ec3776b2792c9ed7aaaf8175d78.jpg,BRA-102,8488,"2021-10-17 05:26:25",-1.1567870,-66.1005980
498,29971c3ea5a855dfb5554aefb77b3fe3.jpg,AMZ-903,4087,"2021-10-17 04:55:22",-8.9117030,-61.9218460
499,80e893843a0678b7519c7f5d346225d4.jpg,NAS-772,13670,"2021-10-17 14:42:45",-8.6675810,-64.3960060
500,3ac62d25c1f45591227d8d4125b93ac4.jpg,NAS-778,16141,"2021-10-17 02:12:40",-1.3122780,-61.7683410
501,cada6e351ec9ce7e72cb7a9ef455df1d.jpg,AMZ-903,10870,"2021-10-17 00:48:41",-6.7164840,-64.6571880
502,a86c7e96ab872be3769c5ae7ba540b4f.jpg,BRA-102,18057,"2021-10-17 04:25:53",-2.6181260,-57.5226010
503,153ed1cac70bb5f99724869e95dfef62.jpg,AMZ-901,8664,"2021-10-17 09:42:38",-2.5062260,-64.1836770
504,3de40677adc3cabe73507a22df3e80b5.jpg,AMZ-901,19430,"2021-10-17 02:23:19",-2.9979680,-63.5744040
505,e2c7f24c9194fc499bba2523bf7cb2f0.jpg,NAS-772,3719,"2021-10-17 02:32:51",-1.9809990,-59.1235350
506,90a44bac26168e24c2d19f53ef193027.jpg,BRA-104,6245,"2021-10-17 02:25:09",-6.1228580,-57.6409210
507,06254bb479c82fda6ff8778a6f8df093.jpg,AMZ-901,9206,"2021-10-17 17:50:10",-2.4109340,-64.5869380
508,01cb0138792d258961aa2cfcd9cf5bb8.jpg,BRA-102,7962,"2021-10-17 03:45:12",-7.3178940,-62.8204570
509,258f4796168587ee0b75df1e80cc70a4.jpg,AMZ-901,18748,"2021-10-17 11:16:54",-1.8575930,-57.7283420
510,b999e1da78314e2578c95196bacfdf91.jpg,NAS-772,13896,"2021-10-17 10:38:26",-6.3174610,-63.4366530
511,ebb6f6ce9db573d9d38588fe40706b45.jpg,NAS-778,3983,"2021-10-17 08:01:30",-4.3909530,-57.8453220
512,570063310f53ab2ac71fd1452d41cce5.jpg,NAS-778,1512,"2021-10-17 12:51:58",-8.1480250,-57.9144380
513,35746880fa8cdf589429e899cd24cca3.jpg,BRA-104,9085,"2021-10-18 00:03:12",-1.8076870,-60.0029250
514,c67c9f36b551a6d8308cba1091261c01.jpg,BRA-104,3474,"2021-10-17 01:41:57",-4.3946940,-57.1200430
515,91021e929916baa9f5ebca7d317f96df.jpg,BRA-104,10121,"2021-10-17 17:13:25",-5.5042650,-58.4761090
516,886f63a9104e26e4001c3f160a8022fb.jpg,BRA-104,7641,"2021-10-17 21:09:13",-7.5982420,-64.9295830
517,83795eba30f9be6a3641954ddc4407c9.jpg,BRA-102,11509,"2021-10-17 18:27:15",-4.7168150,-56.6101550
518,a3c9aa27336e9a90895422e7105f0d08.jpg,AMZ-903,9331,"2021-10-17 07:57:43",-7.9562770,-63.1575000
519,43eaa61be66cd9bdae881e112298a9d7.jpg,AMZ-903,7340,"2021-10-17 18:56:47",-0.0380930,-60.3060170
520,bb3f20d81eb2e3b897f2597ddfd85bbc.jpg,BRA-102,12380,"2021-10-17 16:41:19",-3.8197780,-62.6666850
521,0b99d027332a6a165750d497ef7781f2.jpg,NAS-778,13381,"2021-10-17 12:11:52",-6.5963740,-66.6882400
522,3b5fa81875f73730b201b99a74b668d9.jpg,AMZ-903,5551,"2021-10-17 18:52:37",-0.4246710,-62.1866630
523,96c842cabd4ecd031436854e3f3a9025.jpg,AMZ-901,15397,"2021-10-17 05:15:17",-5.7112720,-62.6040470
524,4e4a7fcc49c1a277acdb621ea4166ec0.jpg,AMZ-903,19547,"2021-10-17 21:29:10",-0.3959390,-62.5156890
525,aca59d41f720491f7a05a211aedc30f9.jpg,NAS-772,15298,"2021-10-18 00:32:26",-4.1383250,-59.9382010
526,f52c6ab8bbeb826e68df5df9e990cb9d.jpg,NAS-778,8822,"2021-10-17 12:54:32",-5.6429780,-62.5603990
527,7dad6325c0e40f35345a3455daeacc98.jpg,BRA-104,11516,"2021-10-18 00:21:30",-7.3516300,-59.4878860
528,a7d88589bb386b71ab162e9b57b25aa3.jpg,BRA-104,3706,"2021-10-17 02:22:08",-7.6741200,-61.2203350
529,b2924cc44edb759f5c58d785aeecf1ef.jpg,BRA-102,17990,"2021-10-17 23:21:08",-6.6588120,-65.3580230
530,8255e76bf943fdc906d379347203ec64.jpg,NAS-778,1915,"2021-10-17 12:48:01",-5.5748290,-68.9211380
531,1d3c24ea01749696b4fee205fac5da6e.jpg,AMZ-903,6499,"2021-10-17 16:21:36",-5.8132480,-59.0097410
532,96db9886dc63f819463f5d725c110158.jpg,NAS-778,11933,"2021-10-17 06:18:16",-8.2391720,-56.3275670
533,73ad4bb3872e28579c87ec64e7823735.jpg,BRA-104,13853,"2021-10-17 22:56:11",-3.3846320,-63.6846790
534,d88631e5eda9c91c56bc526e1d1554eb.jpg,BRA-104,5987,"2021-10-17 16:14:19",-0.0748620,-64.3086600
535,881916b32ee3039fc66d331f54247cb5.jpg,AMZ-903,15943,"2021-10-17 02:33:38",-3.1281600,-67.1045360
536,2671ba89f928d5ac31e36b29cc4aa7e6.jpg,NAS-772,2918,"2021-10-18 00:07:14",-4.7276710,-68.8806260
537,a72556da53d58f01519bc458123cb2f1.jpg,BRA-102,18452,"2021-10-17 20:37:59",-3.6976390,-61.3964220
538,ca7061fb1ead44ac6af26e50446e53f1.jpg,BRA-104,18517,"2021-10-17 22:31:27",-1.0808000,-60.2283080
539,cec16cfc997979cf50ca113172d9c175.jpg,AMZ-901,14172,"2021-10-17 09:55:41",-3.8093160,-59.7156800
540,712cf66e969090fe78eadb3f316fa674.jpg,BRA-104,19942,"2021-10-17 19:55:26",-2.6937650,-63.0528130
541,00b9a4d212ca88c01a669852c1319b0a.jpg,AMZ-901,15595,"2021-10-17 19:50:00",-2.9108440,-59.3214840
542,894af2cda02d18a11397b0bdfca44618.jpg,BRA-104,6660,"2021-10-17 12:06:50",-6.7614270,-57.8454860
543,2cf0ad46d5f39ad78ffce9712843626b.jpg,NAS-772,12709,"2021-10-17 16:03:52",-5.8921510,-56.0551850
544,6e46368dc2704a49dd984cd2fe2bb23d.jpg,AMZ-903,4909,"2021-10-17 08:43:18",-1.0940750,-60.9452740
545,0f47e780f1ee7dda4fc820fbaba295d7.jpg,NAS-772,7516,"2021-10-17 18:12:09",-5.5101530,-65.5041560
546,e7f5e958cabadb3dbf1b964aebaa5156.jpg,AMZ-903,9999,"2021-10-17 09:02:05",-4.7457770,-63.7020740
547,25402c84b8e4eb032acb04494607ba16.jpg,NAS-772,15352,"2021-10-17 23:19:57",-0.3709940,-68.3072420
548,342a9867fac9c6a27478a35c14dcd71c.jpg,AMZ-901,3228,"2021-10-17 04:28:23",-2.4935360,-60.9904570
549,9748aee7bd7543d2b9b61600513c4767.jpg,AMZ-901,17500,"2021-10-17 02:31:23",-1.5590290,-59.0033230
550,a0c66ec40778f271f052fdd3ebff5a04.jpg,AMZ-903,2790,"2021-10-17 21:24:55",-4.7016270,-64.0632170
551,1b4b406cec0d403a462989c20043446d.jpg,NAS-778,8142,"2021-10-17 22:22:57",-5.3496050,-63.0208790
552,95f055570904079ab4252d99fac46630.jpg,NAS-778,14944,"2021-10-17 04:14:44",-3.2393470,-64.5777330
553,90c10e8f5c31a024ee8ee6242ae07f3f.jpg,NAS-778,692,"2021-10-17 03:48:42",-0.5195480,-57.3957120
554,00f47e26e6afc0717973860c03530756.jpg,BRA-104,16443,"2021-10-17 15:34:46",-2.0882340,-61.3856470
555,fffeccda63624f35353c3b8f0c70f478.jpg,AMZ-901,9968,"2021-10-17 21:24:24",-0.9794080,-60.8710130
556,77694b4ee375847d639b2432bd1662c1.jpg,NAS-778,766,"2021-10-17 07:15:46",-6.2080410,-67.7814580
557,da3d346b08bedf58563e94f39eb2e5ed.jpg,NAS-778,13288,"2021-10-17 09:13:23",-0.9586760,-56.9759430
558,e6726443e3c4ee027fce5c2ee6602395.jpg,BRA-104,5934,"2021-10-17 01:29:43",-0.8901170,-57.8753940
559,7f58718adea8f3347de35913682ba445.jpg,BRA-102,11179,"2021-10-17 21:59:08",-1.2774680,-58.7054830
560,d6c33c38064817b5d89f1c058cf133c1.jpg,BRA-102,5789,"2021-10-17 22:41:49",-0.0048910,-58.7873310
561,0653fe0faaeada2f9314ac4b93cf4798.jpg,AMZ-903,9333,"2021-10-17 01:04:38",-4.6494950,-62.6714540
562,c116489a360a78c00fd2d0991fbef0c5.jpg,NAS-778,6400,"2021-10-17 12:35:23",-7.4274900,-68.0959550
563,78ba48003eccfedc97136bef9ae5cdc6.jpg,BRA-102,2326,"2021-10-17 08:06:19",-0.2640360,-61.2267190
564,b487bb4dee39a831eef1b26163e4f960.jpg,AMZ-903,4208,"2021-10-17 11:18:34",-6.7066280,-65.7051830
565,3e0f4c782d6b3c73dd573ce516dd7e80.jpg,NAS-778,13917,"2021-10-17 03:47:15",-5.8869850,-66.5052060
566,6c48054604918f5967525b22f6817e9e.jpg,BRA-104,16612,"2021-10-17 02:57:12",-4.5487880,-61.4332450
567,8624fc00059818a6e0c6a3221fef26c4.jpg,AMZ-901,2461,"2021-10-17 02:58:22",-0.5759150,-68.0862180
568,05b509b7ea76cf4eac904d80e83aa391.jpg,NAS-778,19486,"2021-10-17 04:36:05",-1.9482310,-68.6913250
569,bbc662f7ada07488109d326725f8d907.jpg,BRA-104,17894,"2021-10-17 14:07:11",-2.2210380,-64.9459350
570,fd10eb136318ec5adecad0d591ef53fb.jpg,NAS-772,17503,"2021-10-17 07:54:31",-8.6409420,-67.3864000
571,260ff74de8b0d30130f7064d6c60a64f.jpg,NAS-772,8565,"2021-10-17 01:11:49",-1.5035800,-66.0121470
572,ba540ab1e0c5dbc3d1dff180e1fb789f.jpg,NAS-778,5968,"2021-10-17 04:23:26",-6.4553600,-63.3230590
573,1cbbc43a36bb878db7eaf7bfe4f5c478.jpg,AMZ-901,11071,"2021-10-17 08:34:16",-4.5394810,-60.3583520
574,b26eb6c13c4d61331cdca3140418bb4c.jpg,AMZ-903,10110,"2021-10-17 06:02:05",-1.1847450,-56.2767160
575,6b913faad75e6fc9d618d53e1f3c044a.jpg,AMZ-903,2099,"2021-10-17 15:17:15",-2.1987420,-61.6452620
576,b7f7df158bcc5c1f59184c12e6bb9c75.jpg,BRA-102,12600,"2021-10-17 04:54:55",-2.9254360,-58.0034700
577,4161ae727e31b0963aeb6508a71a56a6.jpg,NAS-772,18873,"2021-10-17 10:42:55",-1.8106870,-64.1971570
578,a2b6aeaffd81deec593e445f538f814c.jpg,AMZ-903,10935,"2021-10-17 22:49:25",-2.4292720,-66.6395180
579,3fb2202a5a2096c58a295e684b050fbf.jpg,AMZ-903,13966,"2021-10-17 13:43:31",-3.2784070,-59.2367880
580,2c980c01316557d613036fa82f12a0f2.jpg,AMZ-903,4286,"2021-10-17 00:43:11",-8.4804440,-66.7627950
581,3dee4d8f35a9b89f25caf92b3edd3027.jpg,NAS-772,18659,"2021-10-17 09:25:21",-1.9007480,-68.4948280
582,a7614022eb6c5a9750581648e525ff63.jpg,BRA-104,11192,"2021-10-17 02:16:59",-5.8846690,-58.2094700
583,63a9b04bf8b088b9a3d14b8bed9fcf35.jpg,NAS-778,15070,"2021-10-17 05:03:51",-7.4310860,-61.5241910
584,4067f156a14d704e1554f464ee3fa65c.jpg,AMZ-903,9928,"2021-10-17 09:41:09",-7.0924200,-56.2877020
585,9a92fc89dab63eb65eec0057dcc0c44e.jpg,NAS-772,9249,"2021-10-17 03:50:04",-6.8245310,-56.7704530
586,bb31405fc751def1eccd0fc04da16b86.jpg,AMZ-903,17672,"2021-10-17 19:31:08",-4.8617140,-56.8530200
587,7749ebeee9832b0879cf0f5df76da35b.jpg,AMZ-903,14737,"2021-10-17 10:33:20",-6.4633440,-63.4259650
588,cbbcb0fc89156245636c067952b5af49.jpg,AMZ-901,6334,"2021-10-17 03:20:21",-8.2647180,-57.6075750
589,63e16a7b1e35263be65e324696c3f30c.jpg,AMZ-901,13931,"2021-10-17 15:10:55",-4.8842220,-61.0796070
590,1a1933832b4bcc83e3e3471c049cf381.jpg,BRA-104,7475,"2021-10-17 12:26:41",-7.1616670,-60.9731830
591,f4d8878469d25e71282fe0c12697a6bd.jpg,BRA-102,13672,"2021-10-17 07:43:30",-5.7158370,-58.1000530
592,b77d37904335d65eab8c06fed9f026c9.jpg,AMZ-903,17120,"2021-10-17 22:01:06",-4.4496900,-56.4025330
593,a66beec201b589a76cdc36433870bfcd.jpg,AMZ-901,9101,"2021-10-17 22:52:54",-3.4271010,-65.2067880
594,b00e823e9fd4f53d3934e7499c2f020a.jpg,BRA-102,10624,"2021-10-17 12:56:52",-6.2977680,-59.8095540
595,9457ae88c01ec5c6a6876abb56799fae.jpg,NAS-778,7148,"2021-10-17 02:28:59",-4.6173670,-68.8814880
596,f98508030343878a65baf5c6aed87a39.jpg,AMZ-901,18606,"2021-10-17 20:14:43",-3.8170220,-63.7623300
597,6d1f5b55769219ef7188f1d4e81fbaf9.jpg,AMZ-903,2853,"2021-10-17 19:22:33",-1.4911390,-59.9315080
598,0f80cda1edda9e79a3026c5610c16bf9.jpg,NAS-772,19308,"2021-10-17 11:41:09",-2.8318180,-56.6711260
599,4a83aef8cad5d4b6fce723ff1a5d1026.jpg,NAS-778,1379,"2021-10-17 09:47:18",-6.1814360,-59.5429530
600,646a6bd62e47a4679f855964cbae0c98.jpg,NAS-778,17516,"2021-10-17 16:03:28",-1.8752590,-64.6950300
601,a0c3c30f2f724216af5e5181e55faba2.jpg,BRA-104,15740,"2021-10-17 21:13:56",-7.3725490,-68.7098820
602,47608f8a974f7268c469fa79dbf63bf0.jpg,NAS-778,18977,"2021-10-17 11:36:07",-4.0989290,-66.5779410
603,d937f924df22f41b088ddc9484566d6b.jpg,NAS-772,7145,"2021-10-17 02:01:58",-4.2610020,-58.6642900
604,5f1373dadfe81463d840638c30acd56f.jpg,NAS-778,11118,"2021-10-17 11:14:40",-8.4776990,-66.5566410
605,373cc0b40a5bcdfecdad7e7053ca0218.jpg,AMZ-903,10445,"2021-10-17 17:48:09",-4.8983230,-64.8142030
606,ab345a329f6257ccaaab4be48f0c0470.jpg,BRA-102,3077,"2021-10-17 22:39:05",-5.6577630,-59.9312380
607,63b16fcdd27a292dad3fbd0257e3f3be.jpg,AMZ-903,11947,"2021-10-17 18:34:28",-8.8474330,-65.1490950
608,da3990792af1b42bfe631d10b7627270.jpg,BRA-102,6541,"2021-10-18 00:16:28",-0.1012680,-65.7701530
609,fe0315d9ed23a5e53e81fc5014522670.jpg,BRA-102,8615,"2021-10-17 01:48:55",-7.7405630,-58.7454270
610,5bc5942e44c6272acd46bddc766c773b.jpg,NAS-778,16957,"2021-10-17 15:59:25",-2.8212080,-64.9565170
611,3b70f010a55a1924384a128c2f5eff5a.jpg,NAS-772,4108,"2021-10-17 17:03:04",-0.0910160,-66.9404850
612,4b9b90ffa6bbcf9ab6994f27c27834b4.jpg,NAS-778,1195,"2021-10-17 06:08:15",-7.8597460,-67.5246290
613,c7ef46cea822e53372cde09d76aa6544.jpg,BRA-104,10197,"2021-10-17 08:37:11",-2.6330720,-67.3784380
614,224733f380498e071ca5bf69f08656a8.jpg,BRA-102,4086,"2021-10-17 07:29:38",-8.0374340,-59.8745980
615,b7fd683d0b05ae17998cd5ecda348d31.jpg,AMZ-903,1372,"2021-10-17 13:12:10",-3.1896700,-60.3205600
616,469d465906b16e0ab742756c8eee63f1.jpg,BRA-104,16056,"2021-10-17 05:39:36",-1.7026860,-60.0578100
617,21818f888ba0d7d268b3e2283ba9fec9.jpg,NAS-772,14105,"2021-10-17 18:12:12",-8.6754450,-67.9899750
618,575411a86a067c72825bf51eee3491da.jpg,NAS-778,19288,"2021-10-17 05:32:41",-1.8979880,-60.4206730
619,d60f76684e042096dcdf76bd337bf340.jpg,BRA-102,14524,"2021-10-17 12:04:08",-4.1418700,-66.3163820
620,ac3fbd91d1ec836ef5ff830357185723.jpg,BRA-102,6785,"2021-10-17 12:16:11",-5.5871470,-65.7099840
621,6b549743a4b858324fa3dd6802253a04.jpg,NAS-772,1498,"2021-10-17 19:10:09",-8.1624190,-68.4318150
622,bc725e9c8e623691a725da3d5b8e1ede.jpg,NAS-778,1912,"2021-10-17 10:53:11",-4.8177950,-63.0428890
623,56e1332eb80c916818fa546956dcc87a.jpg,BRA-104,5815,"2021-10-17 18:48:49",-2.5414480,-57.3158110
624,3c2f5f68a1f342da172d23ef6c257356.jpg,NAS-778,10660,"2021-10-17 19:28:18",-7.5471010,-59.6095220
625,1941eb1014fa2ce71a0c1e54c40008d8.jpg,AMZ-901,9352,"2021-10-17 19:24:18",-5.7287110,-63.6121660
626,d72527bf9954c31a8f55d070de3739d5.jpg,NAS-772,7734,"2021-10-17 08:31:21",-1.6896690,-63.2273890
627,8b5c7c0cccf4177fa16092db02eb6665.jpg,NAS-778,5284,"2021-10-17 19:23:01",-6.8776610,-64.8937100
628,e7fd29a1cca6c3f745a38d77e2f0dda7.jpg,NAS-772,9392,"2021-10-17 18:10:26",-5.7732990,-59.3949310
629,75997762427272d4450198e99135bf74.jpg,AMZ-903,11205,"2021-10-17 15:19:13",-2.1278250,-67.0755400
630,4b5b889a0519d6e99f6868187e1a7c73.jpg,AMZ-901,17186,"2021-10-17 22:55:00",-1.6595610,-60.9043420
631,2aca956f95a83ca051dc648eccfbd1f8.jpg,NAS-772,6592,"2021-10-17 08:39:08",-6.5934850,-65.0316380
632,40ad3360ef3626a3a7ca1dc0c6fd00cf.jpg,AMZ-901,14535,"2021-10-17 09:39:31",-2.8766910,-60.0281120
633,ad4fbd41b6521624bbddf3933d1b54b1.jpg,NAS-772,4139,"2021-10-17 19:46:57",-7.4458500,-67.8543640
634,6518d38fcfe24f339268b45b1960420b.jpg,AMZ-903,6575,"2021-10-17 06:00:33",-5.0252780,-62.2750890
635,a18c033b005e23dc9ccc13568d4b3e88.jpg,AMZ-903,1628,"2021-10-17 06:10:59",-3.6079420,-56.9032440
636,28d6b8a7fd535a0ee3d4915b4aca9d1c.jpg,BRA-104,2584,"2021-10-17 16:37:58",-7.9049790,-64.1959510
637,29430b699bb53df56d901c45a80bf8f1.jpg,AMZ-901,16770,"2021-10-17 02:47:57",-8.8598460,-67.1244910
638,5056c94022ac2388de974b1408f1de7d.jpg,NAS-772,11543,"2021-10-17 13:36:20",-1.2773440,-64.9988320
639,c7806bd23257b5c41e69ac96c92532bd.jpg,AMZ-901,15997,"2021-10-17 12:02:11",-2.9319410,-57.3334250
640,fb6b2523262f0297931d567a8a743a7e.jpg,BRA-102,13521,"2021-10-17 02:22:12",-6.3608170,-64.9671490
641,acea9cb34f4f3644224b62ab36948bbb.jpg,BRA-102,7416,"2021-10-17 19:50:38",-3.4519060,-65.6746790
642,462083a3cd35e097b10169f364b037cc.jpg,BRA-102,14042,"2021-10-17 18:22:56",-6.2185930,-68.7160560
643,04734962fd59e84485a0705ff18b05de.jpg,NAS-772,1854,"2021-10-17 17:18:17",-4.3255470,-57.5627950
644,ebf852f1273f19b2ebf4a7c5c1185680.jpg,AMZ-903,9438,"2021-10-17 10:17:02",-8.1598850,-66.6841100
645,1b7a51e850277253c2e8aa0bf1cca508.jpg,NAS-778,13083,"2021-10-17 10:11:34",-2.0286300,-57.3403110
646,475398bb01014bccab0805cbcf9f00d9.jpg,NAS-772,17938,"2021-10-17 14:14:51",-3.2609200,-63.3903630
647,e4d9654592cba091f13da9619fa21060.jpg,NAS-778,14364,"2021-10-18 00:10:33",-7.8069600,-58.7479120
648,5dd48290bd62ed4e652f7d8537d51af0.jpg,AMZ-901,9580,"2021-10-17 17:09:40",-3.8064090,-62.9042080
649,741486d7c87773cddb9b98c34ae102f6.jpg,BRA-102,14716,"2021-10-17 02:30:06",-6.1690040,-58.2678690
650,ace21c7b90f977275f21b1e5af2233ab.jpg,NAS-772,12617,"2021-10-17 01:44:46",-0.8300510,-57.8906250
651,dc237b58b2a71e24979b50dc2378a2d9.jpg,BRA-102,4761,"2021-10-17 17:28:33",-7.4280550,-66.0341890
652,aa8cc8732433b1cb238ef8855c6e95d2.jpg,AMZ-903,9527,"2021-10-17 21:52:24",-5.1638780,-63.4751560
653,c66229bd6099f38a2d2fb5256e766205.jpg,BRA-104,11323,"2021-10-17 17:00:24",-3.2720960,-61.9746650
654,80e078e8e4e769a0a3172d4b96a92e17.jpg,AMZ-901,18977,"2021-10-17 18:32:10",-7.9572980,-61.9015840
655,02e338efbd1fd3e99656e09e45c3176a.jpg,NAS-778,19790,"2021-10-17 23:55:33",-4.1606440,-66.8857830
656,7262bba366dd0faed4aacffb14b70937.jpg,AMZ-903,12019,"2021-10-17 15:05:25",-5.0907560,-56.3775980
657,46147fd2cb5e6122b5a9737dc2f482ef.jpg,AMZ-901,13697,"2021-10-17 02:19:07",-5.0824760,-63.6591560
658,a45cd145aea0637df7490c091f283cd7.jpg,AMZ-901,4505,"2021-10-17 14:43:19",-3.3708630,-66.0263420
659,19e6c49d13b2d1ec5e55b9a21cb8e5cc.jpg,BRA-102,8511,"2021-10-17 20:46:57",-7.6557140,-61.8400040
660,ef730cd92b441dec594df9ffce7879b4.jpg,NAS-772,12429,"2021-10-17 10:26:27",-3.8363810,-65.9084060
661,4974eafac47852229a0f999fb8998229.jpg,NAS-778,6867,"2021-10-17 04:24:11",-7.5709180,-64.0845700
662,bce959f804df6c0eae266cc89aed4b86.jpg,NAS-772,13863,"2021-10-17 01:14:57",-7.1565080,-57.9232920
663,aeeceb3b12401c1ff2a9a0b4863fd9c9.jpg,AMZ-901,3925,"2021-10-17 19:19:58",-0.6557670,-56.0353740
664,6edd51beeb8d7eeb15ac4c0ac52f85c5.jpg,AMZ-901,19572,"2021-10-17 12:28:32",-4.6909070,-61.8471220
665,2317326a9c65bd4e94a93eb22b0fe11d.jpg,BRA-102,2672,"2021-10-17 07:26:59",-5.2780950,-66.5972850
666,ba7a6cb3df6a772d7bdd192357741cf5.jpg,AMZ-903,16749,"2021-10-17 11:44:37",-0.1760400,-62.0024370
667,05c93f76ee01f10e0c1f659d030d7f84.jpg,AMZ-903,8486,"2021-10-17 22:23:48",-4.7890770,-62.1567730
668,ee6940d31505b700a04be95728b66f43.jpg,AMZ-903,8194,"2021-10-17 09:38:46",-0.1434840,-67.0216450
669,729303f3d43898d68bfbdc6fe7460014.jpg,NAS-778,18469,"2021-10-17 14:12:57",-1.0581670,-63.3607130
670,f213a2b0bce648fe7297ca7e33ba3464.jpg,AMZ-901,11554,"2021-10-17 14:46:38",-5.9437560,-65.7864300
671,4d155c2e3bfc65a6e05082ba30158ba8.jpg,BRA-102,4060,"2021-10-17 21:42:26",-8.4669900,-62.6311300
672,14edaa3ca3758dc8dc393ddff229824f.jpg,BRA-102,19345,"2021-10-17 20:35:00",-7.2070190,-62.0611700
673,aece24b2dfbd3469a1a02a1e8591251b.jpg,NAS-772,2714,"2021-10-17 11:31:17",-2.6282330,-65.2449190
674,c33a58e2484dd64de269a7085fa4996a.jpg,BRA-104,9832,"2021-10-17 22:50:04",-3.3908460,-68.8220650
675,3050d00a743c767415e80adcb1695e3f.jpg,NAS-772,2783,"2021-10-17 13:58:01",-6.4303950,-57.9136870
676,838cdf9aa7d4fe8b9d96bc46544ca7b6.jpg,NAS-778,1344,"2021-10-17 18:11:35",-2.3324370,-66.6501090
677,14fad7435aca7141b37460eb7f4ba606.jpg,BRA-102,17608,"2021-10-17 04:16:30",-3.9066260,-68.4150870
678,2a0e4c12a93d26e7a3e53ecf76a821e0.jpg,NAS-772,3926,"2021-10-17 08:14:08",-7.6943740,-58.9384420
679,f63d9fc3f629ad2bc933f96b79a5c646.jpg,AMZ-903,2986,"2021-10-17 05:00:17",-3.1572670,-59.6488420
680,1fbdc6950bff001b955cab7d6f5c4965.jpg,NAS-772,17063,"2021-10-17 02:18:16",-6.6592660,-63.7354120
681,67ef4807a1bf37594f902eb8189228ca.jpg,AMZ-901,18280,"2021-10-17 04:18:19",-6.2550550,-57.8925750
682,cb8b2c3752723a27aea19133e4baf612.jpg,NAS-772,10826,"2021-10-17 07:31:15",-1.3385670,-62.3320180
683,384c9ac6eec807948f71413a264c995e.jpg,AMZ-901,1771,"2021-10-17 13:09:06",-5.2321420,-59.3959670
684,261c22797364fedb5fa21a1bbe467940.jpg,AMZ-901,14211,"2021-10-17 11:49:48",-4.6561110,-56.1534810
685,b24a6ff28e6aaeda9b3adef181a7b91b.jpg,AMZ-903,8138,"2021-10-17 19:27:45",-4.5229630,-65.2715790
686,8107fb92a131378c7ddb3b588b539c02.jpg,BRA-102,9434,"2021-10-17 12:39:33",-6.8167330,-66.1079030
687,c4b2e8cdddf41dd9bf2ac890abf25546.jpg,AMZ-903,1280,"2021-10-18 00:22:48",-0.2948160,-68.9388700
688,6186079060ee0bf4f32a8e1fbba20a73.jpg,BRA-104,3951,"2021-10-17 05:37:42",-8.5825890,-68.3675720
689,81f1c89aa1abf8192372ce2f0b15f395.jpg,BRA-104,14019,"2021-10-17 13:07:45",-8.5445120,-65.5829470
690,1761c4065ced3434e3770b57d8152159.jpg,AMZ-901,12045,"2021-10-17 17:00:13",-6.7672970,-65.9392550
691,4e9b231ce480175808651f272379b573.jpg,AMZ-903,724,"2021-10-17 01:43:28",-3.9805060,-67.9425610
692,2819cfeffe556e540ee8200677578690.jpg,BRA-104,9873,"2021-10-17 00:54:10",-0.2936760,-61.5194760
693,97c0ca6bdc43ef28db3db78de8287199.jpg,BRA-102,19600,"2021-10-17 21:04:19",-5.7032150,-59.7919100
694,10f4c15875355500e487306ed770b16d.jpg,BRA-104,16089,"2021-10-17 08:30:27",-6.8435360,-63.5714690
695,502e9d202545d31804d2285d339bc221.jpg,AMZ-901,1958,"2021-10-17 18:18:18",-5.2386170,-64.9446150
696,1da49da07ea4cbccc7a8a8617428d575.jpg,NAS-778,17048,"2021-10-17 19:44:54",-1.6894560,-66.5542880
697,757a4842e447b843bd28e44f61db8e3a.jpg,AMZ-901,11431,"2021-10-17 15:54:56",-7.6225070,-61.8998810
698,75a460c97cd84791c59472bbb73e1618.jpg,AMZ-903,3606,"2021-10-17 03:49:02",-8.9870810,-66.5345560
699,aee49dabaa8cec8ae386afc8c9f9abd4.jpg,BRA-104,6305,"2021-10-17 01:07:47",-7.6146060,-65.0038850
700,5274544a7c272018151f9dc2c0512155.jpg,NAS-772,16753,"2021-10-17 20:35:25",-0.3014150,-67.9606490
701,1e5c2d026c62990af95696ff354ccc90.jpg,BRA-104,18593,"2021-10-17 21:49:47",-3.8699300,-59.7053830
702,36fea98878c03915022bd34dda227dc6.jpg,AMZ-903,19502,"2021-10-17 10:39:15",-3.5684100,-56.3203380
703,ae84128f85dffe941c6d726127f16c08.jpg,BRA-102,4545,"2021-10-17 03:19:06",-1.0319510,-66.5157690
704,20285d54e41d3ec8976fea1daabc7d56.jpg,NAS-778,9739,"2021-10-17 09:18:09",-1.6054360,-64.6376270
705,77584c4e33e4ec1580499f1d335e88b7.jpg,AMZ-903,1313,"2021-10-17 14:38:20",-6.3503000,-57.1226880
706,cc01e544855ee16db79d7700070c7adc.jpg,NAS-778,16564,"2021-10-17 23:41:06",-4.0386750,-56.7488480
707,06442e80b1e5e2572a4e79d8eaddcc99.jpg,BRA-102,12336,"2021-10-17 00:52:04",-6.1934510,-59.2818470
708,935a58c165616c9fe51b80d7ebad1483.jpg,AMZ-901,17840,"2021-10-17 06:34:40",-8.5442020,-58.1640270
709,d5e86540b66ea4cd2ba6c7597d049699.jpg,BRA-102,9128,"2021-10-17 10:50:41",-7.8600680,-68.8808740
710,5267bfe7a5dcc8a7c659172dcc80defc.jpg,AMZ-901,9808,"2021-10-17 22:35:17",-8.8141950,-61.8897640
711,895795b75f5fc33cd8ba69ee79ef5edf.jpg,NAS-772,15352,"2021-10-17 08:40:21",-8.7089080,-58.4333400
712,d92c23e07d9f53b0abdd872ae73f2e53.jpg,NAS-772,19489,"2021-10-18 00:21:00",-6.1150730,-61.5535480
713,513af9926525493b6235f79f3fbc8916.jpg,AMZ-903,15796,"2021-10-17 18:31:13",-2.1249610,-60.6605070
714,8f2a0c29942dcf887e7e5ff18226b9d8.jpg,BRA-104,14356,"2021-10-17 09:53:31",-8.9276190,-63.9099080
715,8c74d8a8015f1851eab09dc755d7d3db.jpg,NAS-778,1857,"2021-10-18 00:31:15",-8.9253870,-60.1253780
716,9689c03c281585d56f3cf539be5cd66d.jpg,AMZ-901,16299,"2021-10-17 23:45:49",-2.8518070,-66.4520360
717,ef27cc5559e0a8ded616305f84b68401.jpg,BRA-102,18557,"2021-10-17 01:22:57",-2.3145690,-61.9494030
718,850582ad6bcaaf326919fe051e74bc85.jpg,NAS-778,2446,"2021-10-17 17:06:42",-7.5509930,-63.0489800
719,91ed96078c0dc231525741698839b9aa.jpg,NAS-778,6171,"2021-10-17 16:21:00",-5.5805620,-61.1204750
720,dab5f40ebb7cd631ee70f7311bfe822f.jpg,BRA-102,4854,"2021-10-17 01:36:59",-3.9535030,-65.0933070
721,dbde29800e112dc2582075b05eb26cbd.jpg,AMZ-901,15119,"2021-10-17 12:57:12",-7.3252220,-63.0488480
722,63361d1b2d848c034191d34302b8773b.jpg,BRA-104,2802,"2021-10-17 05:02:51",-4.5447750,-64.5723390
723,fea048b1215b628bf703dc617699fb61.jpg,BRA-102,5144,"2021-10-17 00:50:42",-7.1411350,-56.4571440
724,280ea88177bcb32797b636b6248ed496.jpg,AMZ-903,7948,"2021-10-17 09:28:00",-0.9118070,-60.8142900
725,4371dde8f7720ecd2b2fff0875189c0c.jpg,BRA-102,11435,"2021-10-17 17:13:26",-4.9495460,-64.5630380
726,da8a802e2040754ef80a9f3cf6d4ff15.jpg,NAS-772,2897,"2021-10-17 16:47:49",-8.2772640,-64.3087830
727,9baee4240435c26d646a06724890ad7c.jpg,NAS-772,14894,"2021-10-17 08:33:22",-0.4018180,-67.1010080
728,eaac9e570e757b95693a22aca365fe44.jpg,AMZ-901,18414,"2021-10-17 11:35:32",-1.3033250,-67.7880180
729,762796b19d709f0fe09ff3bfe4beb688.jpg,NAS-772,18557,"2021-10-17 18:34:03",-2.5048260,-67.1505600
730,37ab265882c4be751f63b5f30d07e8e5.jpg,BRA-104,16221,"2021-10-17 01:54:08",-2.9092610,-63.4863930
731,cacff0a3f28a8cd071911aea3b6290fa.jpg,BRA-104,14604,"2021-10-17 01:43:50",-0.8484840,-64.9319910
732,98a119543a312623feba2aa62113d987.jpg,BRA-104,19213,"2021-10-17 09:11:20",-5.7842600,-59.3396420
733,a8e525665aa240c26a4f48f4f99a2737.jpg,NAS-778,15084,"2021-10-17 01:34:37",-6.1643220,-63.4601180
734,7306ec7c11e7f53439de1a82ecc01e5d.jpg,NAS-778,8779,"2021-10-17 07:29:54",-2.7604050,-63.6997890
735,e2ec4eb6de14536b363d0c8a9d1eb186.jpg,AMZ-901,19540,"2021-10-17 03:57:24",-0.8334490,-64.1158530
736,3d81b833dd9a02aa92d589728dd0c5d9.jpg,AMZ-903,18183,"2021-10-17 05:03:00",-3.9041250,-60.8589710
737,53c0da21c934424e4a8af9075a8026df.jpg,NAS-772,5422,"2021-10-17 21:39:43",-0.0113010,-61.7343750
738,cb787b9843e2f03547e697ab1e041e9c.jpg,NAS-772,2549,"2021-10-17 20:41:01",-6.3590610,-66.7563090
739,abb2428aa1ad829d0291083191c3dd56.jpg,BRA-102,3469,"2021-10-17 08:21:28",-3.8685200,-63.7465950
740,c6f913b6a8a75dfc8f778aefd2f4ea6d.jpg,BRA-104,16873,"2021-10-17 15:22:00",-2.0674160,-62.5051250
741,26c8cf41a246fd3095004cac1ab10be0.jpg,AMZ-901,2963,"2021-10-17 15:34:15",-1.4400540,-59.5132470
742,8bd815ad87cf87308c495b2c8582b245.jpg,BRA-102,12364,"2021-10-17 17:52:41",-2.7080010,-62.5152630
743,3ea28e8cf5f77f904e7b76286635759b.jpg,AMZ-903,18517,"2021-10-17 17:19:42",-6.2994130,-56.8563820
744,ada304f952b6735e65281ed742e66d6d.jpg,AMZ-903,17945,"2021-10-17 06:15:23",-6.4538140,-59.9952590
745,24f05cea05ba47d66b493aefa5cf66e0.jpg,NAS-772,19539,"2021-10-17 09:45:41",-8.4357490,-68.8954220
746,e10da8665ac1cc858629000bf924bf45.jpg,AMZ-901,13175,"2021-10-17 16:51:28",-1.1262210,-60.8826500
747,8e48001e45c8db1183cac8a5da545c68.jpg,BRA-102,14395,"2021-10-17 05:49:29",-1.2324460,-62.0686000
748,0feae155e429cc4a12e418fc7780f3ff.jpg,BRA-104,13971,"2021-10-17 17:49:07",-7.2115650,-68.4658990
749,cfedccf3cc5bf5947fb9a06c6b16a354.jpg,AMZ-903,7381,"2021-10-17 10:11:13",-5.5888180,-63.9022190
750,4c329496313a38088bfc7a4fd1520abb.jpg,NAS-772,16648,"2021-10-17 08:47:45",-7.9148360,-68.9803130
751,6721a2dc2e4770c5a4c0dc2457efabef.jpg,BRA-102,998,"2021-10-17 17:07:29",-3.1053210,-68.8498770
752,e732cbe9b7213d0dfca540c85c36f59f.jpg,BRA-104,1363,"2021-10-17 18:26:55",-3.4365900,-59.2185670
753,b463b4466fafd1e1fd2e51f3933a77ce.jpg,NAS-778,13585,"2021-10-17 01:17:18",-8.8580840,-58.4363300
754,488ce4424df33952ebda2c0160b1dd58.jpg,NAS-778,6920,"2021-10-17 14:26:30",-2.6556140,-59.7439870
755,3240ea9b3c4fc218a5a565f91467a30f.jpg,BRA-102,3368,"2021-10-17 23:41:17",-5.2185800,-57.0417950
756,de023b7cf17f9a84372cd2f7900e076f.jpg,BRA-102,3364,"2021-10-17 00:42:51",-6.3341120,-57.9313210
757,48e20f295f272744b7ccc21eb7dc224c.jpg,AMZ-903,18209,"2021-10-17 11:03:52",-0.9178790,-63.6152560
758,8e70fe8e32d6b276285b09c1a979ae6c.jpg,AMZ-903,1520,"2021-10-17 15:06:30",-0.1504790,-62.7624890
759,f57fa94a97ac5abc04cb3322ddc07fc0.jpg,AMZ-903,2646,"2021-10-17 18:06:27",-1.5566360,-66.3059460
760,b58b0813e00bfe31cfe225c12014a10d.jpg,BRA-104,13500,"2021-10-17 03:45:07",-8.0767780,-56.2610700
761,77a0f448bf889043c59d7e40e55521e8.jpg,NAS-772,14711,"2021-10-17 06:18:48",-3.2114120,-61.1847340
762,dd6952b1b94b61013ee83ad2d8aa3326.jpg,AMZ-901,2128,"2021-10-17 18:48:28",-3.5572890,-59.5371740
763,107c3188c2147ce313a464d1f05d436f.jpg,BRA-102,13938,"2021-10-17 00:46:51",-5.9850730,-64.8781090
764,8a3fbc107e6ec31407b00115f51071b8.jpg,AMZ-903,19683,"2021-10-17 20:05:35",-4.2269740,-56.1031890
765,01618fc9748fbdfc8af3f88c7c81f9d1.jpg,BRA-104,3385,"2021-10-17 01:37:55",-4.7946130,-61.8869840
766,9b58c329558ec02473c46f9890b5595e.jpg,AMZ-901,4623,"2021-10-17 19:44:12",-2.9275600,-65.3992030
767,48f7736268e05a865cd4a3a05fdb1113.jpg,NAS-772,11265,"2021-10-17 12:20:53",-1.5195520,-64.5929980
768,81f59a817926ab78e1d6b84915fcd72b.jpg,AMZ-903,1796,"2021-10-17 18:27:51",-4.2744740,-62.5112370
769,5d737189779bf3ed7a657e050195fadb.jpg,NAS-772,16675,"2021-10-17 10:26:48",-1.8511300,-65.0179790
770,935fdb0e1f13047f71f6885b71dd2012.jpg,NAS-778,17178,"2021-10-17 13:26:20",-3.5408450,-56.0601230
771,8eca21f4270db8578c74844648f0ae5c.jpg,BRA-104,11226,"2021-10-18 00:09:44",-2.2733430,-63.5122680
772,624925a22a6dd25d54ead1144a9d7b1b.jpg,AMZ-901,17638,"2021-10-17 05:29:44",-4.3222590,-63.2702570
773,5fb0e4ea594645b72797ed48a8320c7b.jpg,NAS-772,19190,"2021-10-17 11:24:05",-0.9351000,-63.3566620
774,83989e00e1ea290a532723cfe66e19e3.jpg,BRA-102,10609,"2021-10-17 09:32:20",-7.5856660,-61.9247850
775,81dd554e0b504f584ed5aaf46cf6e174.jpg,AMZ-901,2202,"2021-10-17 20:06:58",-5.0746900,-63.7263470
776,8333082e4dc2dfbcd0547dcb08b231d3.jpg,NAS-778,11788,"2021-10-17 08:46:21",-2.3090700,-57.9886620
777,a09a168d70e73e8fc90c7bdd937907cf.jpg,BRA-104,3985,"2021-10-17 22:44:04",-6.3700520,-57.5225760
778,84d5e65cf0e1fbb4066a3289cd849910.jpg,NAS-772,1141,"2021-10-17 04:35:51",-8.2308330,-65.8961220
779,c2b91d2c7c1581efee3c54f8cb5abd7f.jpg,AMZ-903,11149,"2021-10-17 14:02:54",-3.8955400,-58.9783260
780,a7e647b4bca620c9e9b2d465c82102a8.jpg,BRA-104,12286,"2021-10-17 18:04:11",-7.2332280,-68.5129260
781,24c1c62b5b1ed9d5c23cb7544563ed2d.jpg,BRA-102,13806,"2021-10-17 03:05:27",-4.1944250,-63.0416100
782,2f3182814cb5954870c6c19cd8d4501c.jpg,AMZ-901,15555,"2021-10-17 08:55:08",-2.3127060,-56.8714380
783,603f06d03d666f049318ecdc3e48bfca.jpg,BRA-102,14200,"2021-10-17 01:28:34",-0.1844110,-61.6647440
784,c5f2f42792763183897e05c650c402b2.jpg,BRA-102,12575,"2021-10-17 03:49:42",-7.1546350,-56.6952140
785,5880999f752ed7841ae375c8b6a0490a.jpg,AMZ-903,7655,"2021-10-17 10:28:54",-3.7206670,-67.3313420
786,a897ceff922e390e9ff910f11de1e8dc.jpg,BRA-102,19839,"2021-10-17 08:37:49",-5.5992810,-67.6715240
787,88c29dfffd6034ef8241f8a04c0a3ba8.jpg,NAS-778,2479,"2021-10-17 19:06:26",-3.4559090,-68.5096560
788,21df9e7e8103c06736b619484d723119.jpg,AMZ-901,3533,"2021-10-17 11:14:43",-2.9934610,-67.8924550
789,ec79de7379b1e639a30db8762dbc0517.jpg,NAS-772,11486,"2021-10-17 17:12:52",-5.2214530,-56.4049790
790,231aeca2ae109eb52212dfbead89c600.jpg,NAS-778,14280,"2021-10-17 20:29:01",-8.7026190,-57.3662340
791,01c56623cfd3a471d2d27f55ee6dc8df.jpg,AMZ-901,10225,"2021-10-17 20:06:29",-6.1296260,-67.0436210
792,07fb03070de2e95f1fc5ed347835b860.jpg,AMZ-903,16891,"2021-10-17 07:49:36",-4.5226330,-66.9863870
793,846eccb1022f42236e1b8bc859780472.jpg,NAS-778,8191,"2021-10-17 11:52:00",-3.5785670,-65.3191100
794,1eaa52f626c94853059f351c78ec9284.jpg,NAS-772,14408,"2021-10-17 11:56:54",-4.3501720,-59.2248940
795,5726b7d91f5aa7b71da05b4ed17ba54a.jpg,BRA-104,3114,"2021-10-17 05:47:03",-8.4812540,-62.4460330
796,53cf7840365a123f8357444093a218f8.jpg,AMZ-903,18455,"2021-10-17 09:30:01",-8.5261960,-56.9496060
797,a1b7fc322fd383fe1ab9a882e178c51b.jpg,BRA-104,10364,"2021-10-17 06:36:33",-1.6840850,-58.3012210
798,6e8096493b6d9eb0840906fbe8e91228.jpg,AMZ-901,11765,"2021-10-17 18:31:18",-0.4405020,-65.4743970
799,2f51cff1c6a087a810f9b9cd15688bab.jpg,AMZ-903,7277,"2021-10-17 12:43:18",-6.3870800,-61.1874120
800,5ac832e9a9301ca399a70d26dfcf6d75.jpg,NAS-772,12500,"2021-10-17 02:30:23",-3.8453730,-56.4160180
801,3e4349592a3965bc5de92947a1806afe.jpg,AMZ-903,4988,"2021-10-17 14:29:35",-0.8669630,-65.3554510
802,46de930ca06b6f899184513f7922b9d7.jpg,NAS-772,17289,"2021-10-17 06:33:22",-7.2568840,-61.7387000
803,a0086685269f425ae9aca597c160f4bc.jpg,BRA-104,8738,"2021-10-17 12:59:46",-2.9439320,-63.1104800
804,abfb3d20bf68d6bc2aff5e33cfa8f1cf.jpg,NAS-772,8306,"2021-10-17 00:57:18",-2.4586910,-59.4100580
805,80ef3872242a50eeb73c9ed81bd33d41.jpg,BRA-102,624,"2021-10-17 17:57:29",-3.0310340,-67.9714360
806,2828752a86e634902623914da2aceae6.jpg,BRA-104,9349,"2021-10-17 22:47:00",-4.4542820,-60.8147250
807,12e11df9d3a81474cbae93a30d2ba65a.jpg,BRA-104,12668,"2021-10-17 11:00:08",-8.4542750,-67.4961870
808,c098317e472ba3b5b3825b9ca7fe5745.jpg,NAS-772,6270,"2021-10-17 13:13:22",-4.0650950,-67.6380000
809,987fcea6f44dade8e273faf654c58da1.jpg,BRA-102,7016,"2021-10-17 18:38:49",-3.9195590,-56.8982530
810,67342dca562e3cfaa3395cddb1e201de.jpg,NAS-778,8904,"2021-10-17 17:13:33",-0.9653980,-61.1856510
811,b52b5c60b31ff4d5820a914dbe7d6437.jpg,AMZ-901,12759,"2021-10-17 16:52:57",-6.8334350,-61.0784250
812,2f9522950f7c4e18670cbebff7c371b7.jpg,NAS-772,4735,"2021-10-17 15:32:44",-1.9349520,-64.5853050
813,08a09f419d6ada867afba813b9fc0028.jpg,NAS-778,8816,"2021-10-17 18:25:31",-4.8357290,-57.8942960
814,b7943b401a4e9f2ed9d6511876fae28f.jpg,BRA-104,9230,"2021-10-17 19:50:09",-6.7706440,-56.3938510
815,de267e8112733cb7647e7a1eda4f3b55.jpg,NAS-772,1026,"2021-10-17 11:53:27",-3.3113100,-58.0757940
816,3a0e12acba2c0e059d5e11e64d7fff15.jpg,AMZ-901,9586,"2021-10-17 22:33:38",-2.1373300,-66.3590600
817,f1ab0c6dfe0420905c75855ab36fb305.jpg,AMZ-903,6794,"2021-10-17 18:11:47",-2.5704690,-58.0986680
818,41e4a8718f6be9905f0934392ee821eb.jpg,BRA-102,7106,"2021-10-17 17:28:27",-4.5425320,-68.6509750
819,4d86d60d8ed0948a3f01e26f87da4f5a.jpg,BRA-104,16110,"2021-10-17 03:53:48",-1.3093020,-64.2487630
820,c6c21094906644f4146c25a9310dd5f0.jpg,BRA-104,5230,"2021-10-17 09:13:26",-3.2634220,-63.8180660
821,472d8992210189836f60b92beedb14d4.jpg,BRA-102,1279,"2021-10-17 17:36:05",-6.6358910,-64.9308170
822,4b6232b06fb3d1709102d0488414203f.jpg,BRA-102,12418,"2021-10-17 02:29:33",-5.1512700,-60.1310860
823,fe3c7be8ce2091cd471925c5773a81cc.jpg,NAS-772,9712,"2021-10-17 14:47:30",-3.5027520,-61.3907940
824,a823b17dd2869b1d432e3494446f35fb.jpg,AMZ-903,10969,"2021-10-17 13:20:07",-8.1718910,-59.3274550
825,0ea898c7c5d068f395b234e57cf59523.jpg,BRA-102,14030,"2021-10-17 23:39:25",-3.1188450,-59.2462500
826,dee6a6ebf4770280f0e4207e1f30d8de.jpg,NAS-778,12551,"2021-10-17 01:37:02",-0.6133740,-57.8233320
827,82bf247a23b40392610bae92f60bd0ea.jpg,AMZ-903,19899,"2021-10-17 09:52:38",-2.3008610,-62.5329150
828,5f363b72bf27da3fe53fc8e976540176.jpg,NAS-778,3701,"2021-10-17 21:55:18",-4.2227470,-68.0870430
829,517267f6bde0e485e6629aa4bb8dab44.jpg,AMZ-901,9239,"2021-10-17 13:57:11",-1.2868570,-59.7424360
830,01114b1dddd0d272b21084596cb23290.jpg,AMZ-903,15958,"2021-10-17 21:31:01",-4.4839070,-60.9248570
831,6cdcc8161e09b2f8e91b4681705c42bd.jpg,NAS-772,12793,"2021-10-17 23:03:01",-7.5987370,-60.6621060
832,1007aae10b17ab7c3b4d47e934f34f68.jpg,AMZ-903,13310,"2021-10-17 17:30:20",-7.8383240,-60.8596400
833,46c42b82162ff86b431523a1310d5de8.jpg,AMZ-901,11822,"2021-10-17 10:41:54",-3.0821630,-66.4433440
834,ab7975aadd54abbc2550edf9088eafa8.jpg,BRA-102,15031,"2021-10-17 05:07:37",-2.1000770,-67.6317560
835,e1215fde04e37adae170979fc448a4be.jpg,NAS-778,5686,"2021-10-17 20:26:20",-0.2909100,-57.8947890
836,fb09c041c15306495d86e4e312e09f3f.jpg,NAS-772,18775,"2021-10-17 05:19:45",-2.3653630,-60.5174390
837,66326ed3b97e80e88e5fa4b888b3ad31.jpg,NAS-772,8082,"2021-10-17 03:35:44",-3.3203140,-64.8134050
838,c659490b1a09f887f96509a0346f956b.jpg,BRA-102,3255,"2021-10-17 04:52:47",-5.7511030,-64.3039470
839,a6d218985832e2433f90243d4aa7214d.jpg,BRA-104,17313,"2021-10-17 08:57:45",-2.7200430,-63.8119460
840,2ab34f6801e3a70be6fe842970db7983.jpg,NAS-778,10606,"2021-10-17 09:53:31",-4.8907810,-63.0090590
841,7c2a356aad6276bc5d21b27b1e60ae9e.jpg,BRA-102,14038,"2021-10-17 03:49:23",-0.7498990,-56.9289870
842,5ffb1fd47798ef18164e958b3152c2f2.jpg,BRA-104,6891,"2021-10-18 00:32:01",-2.8269760,-66.2132940
843,f94fab2c1523effe14c9e9688044ffdc.jpg,AMZ-903,15135,"2021-10-17 19:24:09",-3.3187000,-61.9019330
844,556360b02b4b65478be91bddfed474f1.jpg,AMZ-903,6969,"2021-10-17 03:28:27",-8.7779410,-63.7560270
845,7a57d2864e50a5763c98e6f5ea9f0caa.jpg,BRA-104,10388,"2021-10-17 01:51:06",-7.6220880,-65.2480860
846,6ffca91496cf906f7c58aabe5f70bb43.jpg,AMZ-901,14218,"2021-10-17 06:44:58",-0.9268920,-59.8940700
847,d434d055baf3bae9b3caa04b26206508.jpg,AMZ-901,9652,"2021-10-17 02:57:15",-1.3432840,-68.4708560
848,dee6b8d7dd6180ea8e882892aa8e9058.jpg,NAS-778,12586,"2021-10-17 08:03:19",-3.7749180,-68.4165350
849,cd4411fd50b4543a7f942a798ace4f24.jpg,AMZ-903,19714,"2021-10-18 00:27:35",-7.5181810,-56.4380200
850,9434b5158c30d92570bed9736bff31de.jpg,AMZ-901,19717,"2021-10-17 14:12:08",-1.2115990,-56.9723010
851,7f9e0ac2f6bc50dbcce4adf7ceea2e84.jpg,BRA-102,4076,"2021-10-17 16:52:01",-8.5713830,-63.2130650
852,9477e4e0851eca5f92348ab0aee259e7.jpg,NAS-772,14423,"2021-10-17 03:50:56",-2.9211230,-64.8154230
853,a5bbb798256070b4b60c3b6ead65a1eb.jpg,NAS-778,19082,"2021-10-17 19:52:12",-8.2708580,-59.9934630
854,c0ab8b5382c9aef4013c3247dee637d7.jpg,BRA-102,14222,"2021-10-17 13:19:17",-8.1448410,-60.0397190
855,13707e6c29316fe63cad67778a23a07c.jpg,BRA-102,19186,"2021-10-17 11:13:51",-2.4780770,-67.2077750
856,e4bc78c59af33e257b8e4e95443ec17e.jpg,BRA-104,18396,"2021-10-17 16:58:46",-1.3457300,-68.5286200
857,f96f475810dcb52a22ac78c99f968ffd.jpg,NAS-772,8429,"2021-10-17 03:41:02",-1.5421770,-62.2996520
858,363a1c6f5bd11c8c44eebc46d19f1cfb.jpg,AMZ-903,18941,"2021-10-17 01:57:35",-3.6161740,-60.5855150
859,9d16d08dd25dacbfc1797b2b9a1c1388.jpg,AMZ-903,1103,"2021-10-17 20:57:43",-0.8386240,-59.3522820
860,0605e63e61f9ff89a0341798f4528bd8.jpg,AMZ-901,7017,"2021-10-17 11:28:20",-0.3474880,-65.7160360
861,8620452db6fb67a78d49001ba79ce60e.jpg,AMZ-901,2143,"2021-10-18 00:37:41",-6.2518880,-60.7545680
862,85cb12e5c04a45ca55b17c0f768d1ce9.jpg,NAS-778,10987,"2021-10-17 19:41:49",-0.4209940,-66.8397910
863,7a4b25cee97775d9e49a2729e918cf61.jpg,NAS-778,19491,"2021-10-17 23:44:51",-2.3734420,-60.2804390
864,6afdeb37b3654906d3e85ed276c0d313.jpg,BRA-102,12381,"2021-10-17 02:21:41",-8.2027840,-64.2901320
865,eed1b1ce2e54eda002ae719b497fac64.jpg,AMZ-903,9403,"2021-10-17 05:48:46",-6.0028670,-63.0384740
866,90f398e5bdbb68fe9a58ff7fafddfb6d.jpg,NAS-772,3314,"2021-10-17 12:06:58",-2.4592680,-61.8679120
867,af2004bd1db52df82fe200cf399a0119.jpg,BRA-102,6033,"2021-10-17 03:06:03",-3.4493140,-61.8983350
868,d8bb024ee3dd51541d4893bc3ef04b0e.jpg,BRA-102,1240,"2021-10-17 11:30:38",-5.1822830,-58.4748470
869,6ca340ca41420736e0dcb9c5e87438bb.jpg,BRA-104,1489,"2021-10-17 23:40:43",-5.8728730,-58.8471060
870,e1d4b83538e0e4b45a787c30e3b67367.jpg,NAS-778,5024,"2021-10-17 21:13:30",-2.8803540,-67.7744360
871,069827cba8ee636604c5917e1f861ffe.jpg,AMZ-903,14625,"2021-10-17 21:12:20",-6.2255680,-65.7096590
872,72347c3b8503fc1cf97d2639d85ce54f.jpg,AMZ-903,16714,"2021-10-17 03:13:48",-1.2337430,-59.7923960
873,d0f860bc377711b0dc95c67d0460c97f.jpg,BRA-102,10979,"2021-10-18 00:19:31",-3.3794620,-66.2207470
874,e51c86be42380150e9bd06e7316e3826.jpg,BRA-104,17750,"2021-10-17 17:25:07",-2.3472500,-63.5281070
875,0c6317153e8662b1534ba29cf0b9105b.jpg,AMZ-903,1587,"2021-10-17 15:02:17",-0.6497280,-60.3519310
876,bc44aba6f012efaf6ea8e49bb46be048.jpg,BRA-104,11059,"2021-10-17 01:34:54",-5.7117760,-66.1506370
877,02fd80af44bbc751ece2963832ff7ff6.jpg,NAS-772,14558,"2021-10-17 15:04:03",-6.7169790,-58.7022810
878,ec9f664e0eb2861efd88b48b3d79dbc2.jpg,NAS-778,4943,"2021-10-17 03:54:56",-2.0636630,-62.7920690
879,aef376f40b39a4476aed6fd4400ec519.jpg,NAS-772,13821,"2021-10-17 13:48:44",-4.2757800,-57.5926100
880,577a50ec23f12400e6fec53964d5c979.jpg,BRA-104,17756,"2021-10-17 18:21:55",-2.2058530,-63.3085730
881,56e9223bafdbef6e44e04443db2cd251.jpg,NAS-772,18360,"2021-10-17 21:43:09",-1.7159060,-64.0804600
882,6a91c5e84e844d33300b00bfeb934826.jpg,BRA-102,5999,"2021-10-17 10:28:13",-2.4249970,-66.4294690
883,66ee9d1fd0ccea15bfdd20f340550298.jpg,BRA-102,18675,"2021-10-17 23:41:36",-8.6460830,-65.6617710
884,8960b3c17b36f5f080c2e9203d318375.jpg,NAS-778,4133,"2021-10-17 16:11:04",-8.7004750,-60.4939320
885,a32953930e75f2fe1fd5df1d584b37a5.jpg,NAS-772,12474,"2021-10-17 22:29:56",-5.4856400,-67.3788330
886,e6be05f32ba8166118ff265bf64699c3.jpg,BRA-104,18913,"2021-10-17 18:51:05",-4.4705610,-64.2428750
887,1c6aecc5884a0843095d4cd1722df3ab.jpg,AMZ-903,4414,"2021-10-17 23:27:36",-5.8029930,-62.9102390
888,9d62f6185a03248edd6a2e95c4b9b464.jpg,NAS-772,8183,"2021-10-17 04:09:54",-3.8550490,-65.3618390
889,93a93b92127ce4b319e54dcf37ceabbf.jpg,BRA-104,2235,"2021-10-17 15:47:19",-1.6766370,-63.3453880
890,f979636263b881d70798d916c11d858b.jpg,BRA-102,14993,"2021-10-17 00:39:59",-3.3263850,-62.7831310
891,2395473c91ff9c893c261c0d9e454245.jpg,BRA-104,1882,"2021-10-17 22:20:04",-6.1523730,-66.0588050
892,7de62019d424ba357fb1d8a8c1b614a1.jpg,AMZ-903,12980,"2021-10-17 09:46:16",-5.5537140,-67.0483710
893,3744d3a7f99517dfebfdc2b30c07642b.jpg,BRA-104,8525,"2021-10-17 02:32:43",-0.5095480,-60.1535660
894,e57e4a61ef5d6fa75640a93927aae7da.jpg,BRA-102,2890,"2021-10-17 23:12:19",-1.9392170,-67.6941480
895,9484e336dd407d7898703071d06b3b50.jpg,AMZ-903,2623,"2021-10-17 19:36:00",-3.9573850,-67.9202940
896,c42c822851d643c6f948e78a02df0a47.jpg,AMZ-903,1163,"2021-10-17 02:46:33",-5.5330940,-60.1689330
897,a003d18170b937a0afd9244f6183fce5.jpg,NAS-772,19921,"2021-10-17 13:18:40",-8.8179680,-66.2039440
898,4d160864c49ea472139f1e21d1bdc67b.jpg,NAS-778,7155,"2021-10-17 23:02:20",-7.1092770,-63.7199880
899,5bc6fb8c0e2c1615d362e5ba13a0fc3e.jpg,AMZ-901,1842,"2021-10-17 14:55:50",-1.1839000,-56.9389680
900,e9cf40273cc80157003d8e8bd994fdd1.jpg,BRA-104,11247,"2021-10-17 20:15:34",-0.7431350,-61.5808140
901,1109babfe7cd4b419feac39ba39a0ad6.jpg,NAS-778,3035,"2021-10-17 04:54:02",-8.0203290,-56.7662940
902,c4ba24688febb6162845741da934c00a.jpg,AMZ-901,6376,"2021-10-17 22:10:23",-4.4869800,-64.0445310
903,85f2499a8021ebdbc717ac088636cb50.jpg,BRA-104,5795,"2021-10-17 21:49:08",-6.5520220,-58.0137570
904,e1a710b13985417a04fd14085ec07da1.jpg,BRA-102,15624,"2021-10-17 11:42:53",-0.1191940,-62.9886190
905,81201bbcc255e6a9163d8d5af8fb8200.jpg,AMZ-903,6679,"2021-10-17 07:08:19",-2.4425000,-61.6130650
906,89ef22d2ae580a53194527fb1e9d184e.jpg,NAS-772,19248,"2021-10-17 13:05:27",-3.1485010,-64.8922160
907,cdd9115ee5fb7f386648ed4e009b0dd9.jpg,AMZ-903,10504,"2021-10-17 05:37:49",-6.5813080,-59.6511840
908,a980b85ce6211ff285dbc03a9e6e0491.jpg,NAS-772,8240,"2021-10-17 14:17:08",-8.5811380,-63.1960670
909,4c9d23701e6284dc6c0a7bb3aa18740e.jpg,AMZ-903,7701,"2021-10-17 20:26:22",-2.1048950,-64.8080030
910,707b43ee63d8faca4b2a0df157d842ae.jpg,NAS-778,18070,"2021-10-17 10:35:32",-3.8354400,-56.3332600
911,bcba8e327e0efacc97abdf8e88a47c02.jpg,NAS-772,11520,"2021-10-17 11:49:38",-8.7448120,-62.9321810
912,2a31fefd588fd8807634f023a7cede62.jpg,AMZ-903,10639,"2021-10-17 04:27:10",-0.1368860,-64.9312520
913,35083facbc8d7f7b87b4a3f60fec4e39.jpg,NAS-772,6123,"2021-10-17 02:38:48",-7.9154490,-59.2648250
914,55247139237050f028ad136529baee8f.jpg,AMZ-901,5684,"2021-10-17 02:46:08",-6.9546940,-56.8388960
915,dead136fb41f0eee94ab188ddfd6e934.jpg,AMZ-903,13262,"2021-10-17 07:12:38",-7.9262910,-66.9951310
916,044da923905e00f7e89613d488671264.jpg,NAS-778,11881,"2021-10-17 23:04:37",-6.6626270,-64.5529590
917,fad45358182d6ef90e8db17a8fcce961.jpg,NAS-772,13888,"2021-10-17 06:35:56",-5.6301120,-62.4096540
918,f08fe9ba0c905b7e6f70aedfda68663a.jpg,BRA-102,16286,"2021-10-17 18:20:25",-1.7582080,-64.0981630
919,699ff63118976b0b5f8ea65f4f3bb2bc.jpg,BRA-102,9650,"2021-10-17 07:12:30",-0.5367640,-65.8296110
920,c8d491f32b086f8610a197f385dd72ef.jpg,AMZ-901,3915,"2021-10-17 02:40:39",-2.0804290,-61.2743010
921,d209b635f8e0c0117048a44472fa91c6.jpg,NAS-778,5156,"2021-10-17 19:28:23",-0.1970460,-61.6192060
922,249aa5382627e3c1260027d4e6ec0dea.jpg,BRA-104,17847,"2021-10-17 09:01:27",-7.7162030,-57.1867240
923,072028187d1069b9073547199be9c296.jpg,AMZ-901,8973,"2021-10-17 19:50:46",-3.3611350,-63.0945210
924,f981611b6ad13a21e74f62a22492b592.jpg,AMZ-903,6320,"2021-10-17 19:01:50",-2.1366810,-58.3693000
925,bfda14c20a873353574faf37bc651277.jpg,AMZ-903,600,"2021-10-17 12:11:11",-7.3654900,-62.1393910
926,a64eaddc7034198a3e8704cba3a4106f.jpg,NAS-778,5992,"2021-10-17 05:02:45",-8.9824400,-59.2596580
927,3c9aed07a8c9ecf3e91cc2822f79e85b.jpg,BRA-102,6631,"2021-10-17 16:52:48",-6.7755140,-59.9316940
928,3171399628386f5d60844d5d49aaf1a7.jpg,AMZ-901,14665,"2021-10-17 11:50:03",-6.5515830,-60.9722710
929,bed4cd40c6dc58e7ce52a1c5e060814e.jpg,AMZ-903,10138,"2021-10-17 15:05:44",-0.5248320,-68.8822980
930,43bdffce3d402d92c4adbeaa5aedce75.jpg,BRA-104,5191,"2021-10-17 13:04:36",-4.7689970,-64.7300600
931,ba5b995b3a8bc6e8c95d83486044066e.jpg,NAS-778,19716,"2021-10-17 14:24:19",-7.4660580,-67.4404960
932,67e233f7cc63136a91760a29f1bb7d7f.jpg,AMZ-903,14006,"2021-10-17 01:25:34",-6.4782080,-67.0446980
933,143513478b7c2a46a77383bc32b7d6e4.jpg,BRA-104,10236,"2021-10-17 17:14:10",-5.1506610,-61.7274660
934,dc1764ede30a777e496b70709c6ab07a.jpg,NAS-772,1558,"2021-10-17 18:31:19",-3.2639210,-61.6948510
935,1b7d1af8e9b00a8795eec51cf2778320.jpg,AMZ-901,12020,"2021-10-17 14:21:16",-7.7266520,-64.1310570
936,2e0fe99c9dc770bfb57371cf5ce86618.jpg,AMZ-901,11622,"2021-10-17 13:41:05",-4.9563080,-63.6087380
937,048ce2b39cfac837bc5c1744e4e2d0e4.jpg,AMZ-901,11184,"2021-10-17 03:46:38",-3.5351990,-67.0693590
938,87a8026a0cea73ca86cc5c1338957e1f.jpg,NAS-778,5084,"2021-10-17 15:42:23",-0.4821260,-66.1222670
939,07fd15baed8ef56e2122d9ef0bef681b.jpg,NAS-772,1960,"2021-10-17 03:46:05",-6.5671460,-61.6491820
940,02b667a5a3e89001cdafe45c6f633272.jpg,NAS-772,19170,"2021-10-17 04:39:40",-5.7151820,-67.7186550
941,4adadb4b6729144113e7a51b2c9dc5eb.jpg,BRA-102,17907,"2021-10-17 02:36:05",-5.4912290,-65.6412760
942,200afa87277c29e03c22dc1f74f8ac85.jpg,NAS-772,12239,"2021-10-17 14:25:26",-2.2370440,-68.2574920
943,195b12d7b3df1bbdc06c5be578ccb14d.jpg,NAS-778,13014,"2021-10-17 14:55:59",-8.1257340,-64.7952510
944,b96ce5ce47d54c37f5d3e1b930d038a0.jpg,BRA-104,4392,"2021-10-17 19:09:17",-7.5868850,-57.1576360
945,c92f2f6642d3bf1809cefcbce7f93050.jpg,NAS-772,3986,"2021-10-17 07:32:38",-1.7797520,-57.5185970
946,e8db06d54d6c0ef698c54ea7cd046ff3.jpg,BRA-104,16167,"2021-10-17 19:17:37",-0.6228320,-67.7981160
947,41c590051ccced9006e820b3a5023a86.jpg,BRA-102,9207,"2021-10-17 14:25:23",-8.8020190,-60.8850020
948,dd93dad9eded08207185560c648d90a9.jpg,AMZ-901,15807,"2021-10-17 20:15:51",-8.2424050,-58.2485990
949,115035d110f0903e6b5d3d813e496e62.jpg,BRA-104,13521,"2021-10-17 04:44:52",-2.6792200,-61.3252970
950,1bd950f076a1b226cb4fe242702fab80.jpg,BRA-104,17103,"2021-10-17 01:17:44",-1.5347230,-63.0215990
951,1701bdee4406a5f9e70d845c559a4e0e.jpg,BRA-102,19300,"2021-10-17 15:52:17",-5.7761730,-68.1826970
952,e37dc77ea31dcddbba7ba3838b6e9b75.jpg,NAS-778,17943,"2021-10-17 02:19:27",-1.0990300,-67.2903920
953,d5391b1c820236dc2697c9a4284f7345.jpg,BRA-102,11137,"2021-10-17 23:32:40",-5.0017690,-63.9183820
954,92313d1f5179c461df9709d48433bcb9.jpg,BRA-102,2365,"2021-10-17 21:28:50",-6.1989340,-59.1120160
955,0915ad2d0b6f8610767e4f91df9b4fae.jpg,AMZ-903,10788,"2021-10-17 14:56:37",-5.7275800,-63.8923250
956,1111c5fe23da8fb23d3f0de864bc9644.jpg,BRA-102,3104,"2021-10-17 15:01:23",-7.0083920,-65.4924020
957,34e4e39266a6a07ca6bf16d86db71fd6.jpg,AMZ-901,18432,"2021-10-17 13:13:53",-3.7631650,-67.7220650
958,09fa939574669ee59cbe5b5bce313e33.jpg,NAS-772,14650,"2021-10-17 12:52:25",-1.1125430,-58.9904350
959,ee15b3295b8465105e5d952ecb1357ff.jpg,BRA-102,775,"2021-10-17 05:12:14",-6.4730330,-65.7010840
960,bba23bd54cc3cbbb76b33d7493608742.jpg,NAS-772,4776,"2021-10-17 17:30:29",-8.8362270,-61.2014910
961,2a97f35b35689189ffc762fbfe256e29.jpg,NAS-778,19825,"2021-10-17 09:09:28",-2.2630150,-62.8270450
962,b8f81d05998f469e82073d87f2065cd7.jpg,BRA-102,15170,"2021-10-17 22:36:12",-5.9592750,-68.8071900
963,4dc39105be031edd80749b6662b613d5.jpg,NAS-778,15296,"2021-10-17 22:51:41",-5.4456150,-63.3748670
964,1b6d5e4684268d5be35fba328ae91cde.jpg,AMZ-903,17293,"2021-10-17 18:48:04",-6.9682390,-64.7049770
965,0204f315ee0c6e98ff7faaab78559941.jpg,AMZ-903,15184,"2021-10-17 19:24:51",-5.5707850,-64.9116600
966,8d5d058eeea1b7eef8fc0e032b3dc90a.jpg,NAS-778,8035,"2021-10-17 06:02:42",-1.2291420,-66.3828410
967,5325b7aea04a3b85e3669f87a5474075.jpg,NAS-778,10258,"2021-10-17 02:08:43",-6.7152390,-58.1945020
968,9d2e5e24e318d6106b0228715d678a25.jpg,NAS-772,680,"2021-10-17 09:03:14",-5.8421360,-62.7892180
969,a11123c3334d38e864f2671f342b425f.jpg,AMZ-901,19287,"2021-10-17 18:28:14",-5.1790600,-62.9575130
970,1c6774ac9403ac2c9adec10040f9ff67.jpg,BRA-102,8077,"2021-10-17 12:17:16",-2.2331910,-65.5127590
971,e91ca8404fb8cb260bb8090ce7c315f0.jpg,NAS-772,2556,"2021-10-17 11:33:43",-0.8884480,-59.7294950
972,9ec94aba2cee76541fc634f1e490dc05.jpg,AMZ-901,18370,"2021-10-17 23:46:20",-1.6639410,-63.4163550
973,3beffc1215425bf57e4246b47419ee23.jpg,NAS-778,13081,"2021-10-17 12:18:35",-3.1033540,-58.1551700
974,9e4b251e142ff93d65309f6aecd297c2.jpg,AMZ-903,5728,"2021-10-17 04:31:34",-1.3306990,-66.0334370
975,0c7e8a1dcd496c1be1e9917f9da2377a.jpg,AMZ-903,15192,"2021-10-17 20:33:33",-5.0114840,-58.0206860
976,79106d36b6fa8afc9c78c893d8122bd2.jpg,AMZ-903,2451,"2021-10-17 14:43:46",-6.9369280,-61.4219810
977,f43c4ab1a96b13b424b23deedcc8bb04.jpg,BRA-102,2468,"2021-10-17 04:02:33",-8.3656660,-57.2011810
978,0494c9be5fc43dfa8748916f7950ce7f.jpg,NAS-772,8914,"2021-10-17 10:35:14",-5.1281560,-68.8301680
979,7099b4cf346c9bc565f44f5a6603e017.jpg,AMZ-901,10940,"2021-10-17 01:01:47",-0.3517780,-57.6018350
980,a86bec5e3a9dbed3651c86092a398b34.jpg,AMZ-903,15541,"2021-10-17 15:27:57",-8.4002920,-63.9288300
981,14287ecffe94262131e5723468bde315.jpg,AMZ-903,11476,"2021-10-17 18:36:49",-4.7235250,-65.4497990
982,63d63681c316acf2081b3e380ccec0e2.jpg,NAS-772,12330,"2021-10-17 07:06:47",-3.9912140,-57.1819840
983,b41bc85ba37fa0b7e3ae567a8bbd477d.jpg,AMZ-901,12451,"2021-10-17 23:27:34",-7.2249700,-57.0079820
984,c06cc9b86e9a187e5d1324c54b0d8495.jpg,BRA-102,7709,"2021-10-17 14:48:03",-1.2002700,-60.2799530
985,0148ee95483e7c5866b915dae8a64ed7.jpg,AMZ-903,5474,"2021-10-17 04:23:19",-8.5058080,-66.4378940
986,2ba6f981a8bf099721554b1dfc1700e7.jpg,BRA-102,10531,"2021-10-17 10:16:41",-8.4020000,-62.6958380
987,929b362ff4eb201525e5b880f6fe9ab6.jpg,NAS-772,16268,"2021-10-17 15:17:20",-5.9829880,-60.4495570
988,99ce23bb95a63e20847c40c2985ce05c.jpg,BRA-102,11835,"2021-10-17 22:14:34",-1.8918840,-67.8970920
989,88d6ff55fc994d98421c91ea2ba465b8.jpg,AMZ-903,7059,"2021-10-17 12:52:18",-4.7908070,-66.1155170
990,d92fa1c457ac1a91a128e91adc1e6f02.jpg,NAS-772,12199,"2021-10-17 18:50:37",-2.6189000,-64.4832700
991,8689b84aaef69b30597ae101615bcdf9.jpg,BRA-104,11401,"2021-10-17 08:17:58",-0.1593740,-60.7551680
992,046778ee26fa268e9dfc0ceff1a2c38c.jpg,NAS-772,16185,"2021-10-17 14:20:13",-0.2241360,-68.5181140
993,3da2a83b0cedd6f62d9b3b2db42dcdae.jpg,AMZ-903,6608,"2021-10-17 17:09:14",-6.6733230,-56.0023830
994,0e03921698407d8375f112d82af8adf5.jpg,BRA-102,955,"2021-10-17 07:05:41",-7.4692010,-62.2372680
995,a1a3baaf7fc76835bbe0fded63b49821.jpg,BRA-104,13067,"2021-10-17 18:06:43",-3.3491430,-57.9322200
996,55efaee57cddc82cfab3069c64bce46e.jpg,BRA-102,18964,"2021-10-17 16:28:21",-4.0368790,-67.2221500
997,777afb702f0f48db0ead1826156dd573.jpg,BRA-104,9860,"2021-10-17 10:45:51",-3.0552430,-58.5655850
998,d720b2db7bdf27b6758e3bb06d472b83.jpg,NAS-772,18522,"2021-10-17 21:51:47",-7.6860540,-60.9176160
999,16d96b3c241ee3ffea19bc4159f3c210.jpg,NAS-778,5429,"2021-10-17 11:13:04",-5.1374320,-66.8915720
1000,2e5863cf1f833363aaf3f99e6f6fbc3a.jpg,BRA-102,14665,"2021-10-17 20:04:25",-2.3846200,-56.7061440
